id,category,karar_file,ozet_file,model_input,summary
vergi_4,vergi,vergi_4.txt,vergi_ozet_4.txt,"DAVA KONUSU:

TEMYİZ İDDİALARI:

KARŞI TARAF SAVUNMASI:
KARŞI TARAFIN SAVUNMASI: Cevap verilmemiştir.

MADDİ OLAY:

HUKUKİ DEĞERLENDİRME:
HUKUKİ DEĞERLENDİRME :
Kararların düzeltme yolu ile yeniden incelenebilmelerini gerektiren nedenler, 2577 sayılı Kanun'un geçici 8. maddesi uyarınca uygulanmasına devam edilen 3622 sayılı Kanun ile değişik 54. maddesinin (1) numaralı fıkrasında gösterilmiş, aynı maddenin (2) numaralı fıkrasında ise, daire ve kurulların kararın düzeltilmesi isteminde ileri sürülen nedenlerle bağlı oldukları belirtilmiş bulunmaktadır.
Dilekçede ileri sürülen düzeltme nedenlerinin anılan maddede sayılan nedenlere uymadığı anlaşılmıştır.

KARAR SONUCU:
KARAR SONUCU :
Açıklanan nedenlerle;
Karar düzeltme isteminin REDDİNE, 11/03/2026 tarihinde oybirliğiyle karar verildi.","Davacı şirket tarafından, Danıştay Vergi Dava Daireleri Kurulu tarafından verilen kararın düzeltilmesi talep edilmiştir. Davacı, Kurul kararının hukuka aykırı olduğunu ileri sürerek kararın yeniden incelenmesini istemiştir. Davalı idare ise karar düzeltme talebine ilişkin herhangi bir savunma sunmamıştır. Danıştay Vergi Dava Daireleri Kurulu, karar düzeltme yolunun yalnızca 2577 sayılı İdari Yargılama Usulü Kanunu’nun 54. maddesinde belirtilen sınırlı nedenlerin varlığı hâlinde kullanılabileceğini vurgulamıştır. Mahkeme, karar düzeltme dilekçesinde ileri sürülen hususların kanunda öngörülen karar düzeltme sebepleri kapsamında değerlendirilemeyeceği sonucuna ulaşmıştır. Bu nedenle önceki Kurul kararının yeniden incelenmesini gerektiren hukuki bir neden bulunmadığı kabul edilmiştir. Sonuç olarak, davacının karar düzeltme istemi reddedilmiş ve önceki Kurul kararı geçerliliğini korumuştur."
disiplin_3,disiplin,disiplin_3.txt,disiplin_ozet_3.txt,"DAVA KONUSU:
Dava konusu istem: 27/03/2002 tarih ve 24708 sayılı Resmî Gazete’de yayımlanan Özel Hastaneler Yönetmeliği'nin, 06/10/2022 tarih ve 31975 sayılı Resmî Gazete'de yayımlanan Özel Hastaneler Yönetmeliğinde Değişiklik Yapılmasına Dair Yönetmeliğin 3. maddesi ile değiştirilen ek 5. maddesinin birinci fıkrasının (ı) bendi ile anılan değişikliğin 5. ve 6. maddelerinin iptali istenilmiştir.

TEMYİZ İDDİALARI:
TEMYİZ EDENİN İDDİALARI : Davalı idare tarafından, davaya konu düzenlemenin üst hukuk normlarına, kamu yararına ve hizmet gereklerine uygun olarak tesis edildiği, hukuka aykırı ve iptalini gerektirecek bir yönünün bulunmadığı, temyize konu kararın iptale ilişkin kısımlarının bozulması gerektiği ileri sürülmektedir.

KARŞI TARAF SAVUNMASI:
KARŞI TARAFIN SAVUNMASI : Davacı tarafından, Danıştay Onuncu Dairesince verilen kararın iptale ilişkin kısımlarının usul ve hukuka uygun bulunduğu ve temyiz dilekçesinde öne sürülen nedenlerin, kararın bu kısımlarının bozulmasını gerektirecek nitelikte olmadığı belirtilerek temyiz isteminin reddi gerektiği savunulmuştur.

MADDİ OLAY:
MADDİ OLAY :
27/03/2002 tarih ve 24708 sayılı Resmî Gazete’de yayımlanan Özel Hastaneler Yönetmeliği'nin ""Özel hastanenin kalite ve verimliliğini artırmak amacıyla izin verilebilecek hususlar"" başlıklı ek 5. maddesinin birinci fıkrasının -22/03/2017 tarih ve 30015 sayılı Resmî Gazete'de yayımlanan Özel Hastaneler Yönetmeliğinde Değişiklik Yapılmasına Dair Yönetmeliğin 36. maddesi ile değişik- (ı) bendi;
""1219 sayılı Kanunun 12 nci maddesine uygun olmak kaydıyla mesleğini serbest olarak icra eden hekimler muayenehanesine müracaat eden hastalarının teşhis ve tedavisini özel hastanelerde yapabilirler. Hastaya sunulan teşhis ve tedavi hizmetlerinden muayenehane hekimi ve özel hastane müştereken sorumludur. Bu durumdaki hastalar, hastanedeki tedavi masraflarının kendileri tarafından karşılanacağı hususunda bilgilendirilir ve buna ilişkin rıza formu hastaya veya kanuni temsilcisine imzalatılır. Bu hekimlere hizmet sunan hastanenin mesul müdürü her ay sonu itibariyle tedavi edilen hasta sayısı ve hekim ismi ile rıza formunu müdürlüğe bildirir. Ayrıca bu şekilde tedavi gören hastalara ayrıntılı fatura düzenlenir."" şeklinde iken,
06/10/2022 tarih ve 31975 sayılı Resmî Gazete'de yayımlanan Özel Hastaneler Yönetmeliğinde Değişiklik Yapılmasına Dair Yönetmeliğin 3. maddesi ile,
""Muayenehanesi bulunan hekimler, 1219 sayılı Kanunun 12 nci maddesinin üçüncü fıkrası gereğince hizmet bedeli hasta tarafından karşılanmak ve Sosyal Güvenlik Kurumundan talep edilmemek kaydıyla, muayenehanesine mü

HUKUKİ DEĞERLENDİRME:
HUKUKİ DEĞERLENDİRME:
Yönetmeliğin 3. maddesi ile değiştirilen Özel Hastaneler Yönetmeliği'nin ek 5. maddesinin birinci fıkrasının (ı) bendinin birinci cümlesinde yer alan ""...yıllık sözleşme yapmak suretiyle ilgili branşta boş uzman hekim kadrosu olması halinde ..."" ibaresi ile aynı bendin ikinci, üçüncü ve dördüncü cümleleri yönünden;
Yönetmeliğin dava konusu kısımlarında, mesleğini serbest olarak icra eden hekimlerin muayenehanesine müracaat eden hastaların teşhis ve tedavilerini özel hastanelerde yapabilmeleri, hekim ile özel hastane arasında yıllık sözleşme yapılması ve hastanenin ilgili branşta boş uzman hekim kadrosu bulunması şartlarına bağlanmış, hastanenin boş uzman hekim kadrosunun olmaması durumunda, ruhsatında veya faaliyet izin belgesinde kayıtlı uzman hekim branşlarındaki toplam kadro sayısının %15’ine kadar uzman hekimle sözleşme imzalanabileceği, aynı branşta birden fazla hekimle sözleşme imzalanmak istenmesi durumunda ise, ilgili branşın toplam kadro sayısının üçte birinden fazla uzman hekim ile sözleşme imzalanamayacağı, yapılan sözleşmenin taraflarca imzalanmış nüshasının ise, özel hastane tarafından SKYS’ye ekleneceği ve müdürlüğe gönderileceği düzenlenmiştir.
Her ne kadar dava devam ederken, dava konusu düzenlemelerde bir takım değişikliklere gidilmiş ise de, muayenehaneye başvuran hastaların teşhis ve tedavilerinin özel hastanelerde yapılabilmesi için getirilen kısıtlamaların benzer şekilde devam ettiği, davacının hukuka aykırılık iddialarının ortadan kalkmadığı, anılan değişikliklerin dava konusu düzenlemelerin hukuka uygunluk denetimine engel teşkil etmediği anlaşıldığından, işin esasının incelenmesi gerekmektedir.
1219 sayılı Kanun'un 12. maddesi uyarınca, tabip, diş tabibi ve tıpta uzmanlık mevzuatına göre uzman olanların, Sağlık Bakanlığınca yapılan istihdam planlamaları çerçevesinde ve anılan maddenin ikinci fıkrasının her bir bendi kapsamında olmak kaydıyla, birden fazla sağlık kurum ve kuruluşunda çalışabilme hakkına sahip oldukları, bunlardan mesleğini serbest olarak icra edenlerin, hizmet bedeli hasta tarafından karşılanmak ve Sosyal Güvenlik Kurumundan talep edilmemek kaydıyla, Sosyal Güvenlik Kurumu ve kamu kurumları ile sözleşmeli çalışan özel sağlık kurum ve kuruluşları ve vakıf üniversitelerinde de hastalarının teşhis ve tedavisini yapabilecekleri açıktır.
Bununla birlikte, 3359 sayılı Sağlık Hizmetleri Temel Kanunu'nun 3. maddesi, 1 sayılı Cumhurbaşkanlığı Kararnamesi'nin 355. maddesi ve bu düzenlemelere dayanılarak çıkarılan Özel Hastaneler Yönetmeliği hükümleri uyarınca Sağlık Bakanlığının, mevcut sağlık insan gücünü, kamu ve özel kurum ve kuruluşlar düzeyinde planlamaya ve istihdamın bu plan çerçevesinde yürütülmesini sağlamaya ve bunu denetlemeye yetkili olduğu hususu yerleşik Danıştay içtihatları ile sabittir.
Diğer yandan, Sağlık Bakanlığının sağlık insan gücünü planlama yetkisine ilişkin olarak, anılan mevzuat hükümlerinin yanı sıra, hekimlerin birden fazla yerde çalışabilmelerine ve mesleğini serbest

KARAR SONUCU:
KARAR SONUCU:
Açıklanan nedenlerle;
1. Davalı idarenin temyiz isteminin kabulüne,
2. Yukarıda özetlenen gerekçeyle kısmen davanın reddine, kısmen dava konusu düzenlemenin iptaline ilişkin, Danıştay Onuncu Dairesinin temyize konu 27/12/2024 tarih ve E:2022/7578, K:2024/7174 sayılı kararının iptale ilişkin kısımlarının BOZULMASINA,
3. Bozulan kısımlar yönünden yeniden bir karar verilmek üzere dosyanın anılan Daireye gönderilmesine,
4. Kesin olarak, 22/12/2025 tarihinde, oyçokluğu ile karar verildi.","Davacı tarafından, Özel Hastaneler Yönetmeliği’nde yapılan değişikliklerle muayenehanesi bulunan hekimlerin hastalarını özel hastanelerde tedavi edebilmesinin yıllık sözleşme yapılması, boş uzman hekim kadrosu bulunması, belirli kota sınırlamalarına uyulması ve sözleşmelerin idareye bildirilmesi şartlarına bağlanmasına ilişkin düzenlemeler ile bunlara bağlı yükümlülük ve yaptırım hükümlerinin iptali talep edilmiştir. Davacı, söz konusu sınırlamaların kanunda öngörülmeyen yeni koşullar getirdiğini, çalışma özgürlüğünü kısıtladığını ve bilimsel bir temele dayanmadığını ileri sürmüştür. Davalı idare ise düzenlemelerin sağlık insan gücünün planlanması, sağlık hizmetlerinin dengeli ve etkin sunulması, hasta ve hekimlerin takibi ile olası suistimallerin önlenmesi amacıyla tesis edildiğini savunmuştur. İlk derece incelemesini yapan Danıştay Dairesi, yıllık sözleşme, boş kadro ve kota şartlarının somut bilimsel verilere dayanmadığı gerekçesiyle ilgili düzenlemeleri iptal etmiştir. Ancak Danıştay İdari Dava Daireleri Kurulu, Sağlık Bakanlığının sağlık insan gücünü planlama ve sağlık hizmetlerini düzenleme konusunda geniş bir yasal yetkiye sahip olduğunu, dava konusu düzenlemelerin planlamanın işlevselliğini koruma, istihdamda belirlilik sağlama ve sağlık hizmetlerinin denetlenmesini amaçladığını değerlendirmiştir. Kurul, bu nedenle yıllık sözleşme, boş kadro ve kota uygulamalarının üst hukuk normlarına, kamu yararına ve hizmet gereklerine aykırı olmadığı sonucuna ulaşmıştır. Ayrıca sözleşme ibrazı ve yaptırım hükümlerinin de bu değerlendirme ışığında yeniden incelenmesi gerektiği belirtilmiştir. Sonuç olarak, davalı idarenin temyiz istemi kabul edilmiş, iptal kararı verilen düzenlemelere ilişkin hüküm bozulmuş ve dosya yeniden karar verilmek üzere ilgili Daireye gönderilmiştir."
ruhsat_lisans_2,ruhsat_lisans,ruhsat_lisans_2.txt,ruhsat_lisans_ozet_2.txt,"DAVA KONUSU:
Dava konusu istem: Davacı kurum tarafından, Burdur ili, Bucak Orman İşletme Müdürlüğü Melli Orman İşletme Şefliği sınırları içerisinde kalan 46.188,00 m² alan için ağaçlandırma bedeli ve 2017 öncesi arazi izin bedelinin ödenmesinin istenilmesine ilişkin ...tarih ve ...sayılı Bucak Orman İşletme Müdürlüğü işleminin iptali istenilmiştir.

TEMYİZ İDDİALARI:
TEMYİZ EDENİN İDDİALARI : Davalı idare tarafından, davacı adına 2017 yılında izin verilmişse de 2004 yılından itibaren davacı tarafından çalışıldığının sabit olduğu, yıllardır işletilmekle kar elde edilen orman izni nedeniyle fiili durum gereği davacının arazi izin ve ağaçlandırma bedeli ödemekle yükümlü olduğu, dava konusu bedellerle ilgili icra takibine başlanıldığı, davacının itiraz etmesi üzerine takibin durduğu, adli yargı yerinde aldırılan bilirkişi raporunun istinaf incelemesi sırasında değerlendirilmesi için dosyaya sunulduğu, ancak anılan raporun değerlendirilmeyerek eksik incelemeye dayalı olarak karar verildiği ileri sürülmektedir.

KARŞI TARAF SAVUNMASI:

MADDİ OLAY:
MADDİ OLAY :
Burdur ili, Bucak ilçesi sınırları içerisindeki ormanlık alanda Karacaören-2 Baraj ve HES tesisleri yapımı için Enerji ve Tabii Kaynaklar Bakanlığı adına 1.824.400 m2 lik alanda 49 yıl süre ile ... tarih ve ...sayılı Tarım ve Orman Bakanlığı oluru ile Orman Kanunu'nun 17/3. maddesi gereğince bedelsiz orman izni verilmiştir.
Enerji ve Tabii Kaynaklar Bakanlığının Orman Genel Müdürlüğüne yönelik ... tarihli ... sayılı yazısında, Karacaören II barajı ve HES için idarelerine verilen orman iznini idareleri ile ... Elektrik T.A.Ş. arasında imzalanan görev verilmesine ilişkin imtiyaz sözleşmesi kapsamında ... Elektrik T.A.Ş. tarafından kullanılmaktayken bu sözleşme anılan şirketin kusuru nedeniyle feshedilerek, 12/06/2003 tarih ve 2003-5712 sayılı Bakanlar Kurulu kararı ile yürürlükten kaldırıldığı, bu nedenle ... El. T.A.Ş. görev bölgesindeki üretim faaliyetlerinin Enerji ve Tabii Kaynaklar Bakanlığının ilgili şirketi olan EÜAŞ uhdesine geçtiği belirtilmiştir.
Davacı adına EPDK tarafından 11/05/2004 tarihinde Burdur ilinde kurulu Karacaören 2 Hidroelektrik santrali için üretim lisansı düzenlenmiştir.
17/01/2017 tarihli kesin izin devir raporunda, Burdur ili, Bucak ilçesi, ... köyü dahilindeki DSİ Genel Müdürlüğüne (Enerji ve Tabii Kaynaklar Bakanlığına bağlı olduğundan izin Bakanlık adına verilmiştir.) 1.824.400 m2 lik alanda verilen Karacaören 2 Barajı izninin Bakanlık ile davacı arasında imzalanan 07/04/2015 tarihli tutanak gereği 46.188 m2 lik HES kısmının davacıya

HUKUKİ DEĞERLENDİRME:
HUKUKİ DEĞERLENDİRME:
Dava konusu işlemin arazi izin bedeline ilişkin kısmı yönünden;
Bölge idare mahkemelerinin nihai kararlarının temyizen bozulması, 2577 sayılı İdari Yargılama Usulü Kanunu'nun 49. maddesinde yer alan sebeplerden birinin varlığı hâlinde mümkündür.
Temyizen incelenen karar usul ve hukuka uygun olup, dilekçede ileri sürülen temyiz nedenleri kararın bozulmasını gerektirecek nitelikte görülmemiştir.

Dava konusu işlemin ağaçlandırma bedeline ilişkin kısmı yönünden;
Orman Kanununun 17/3 ve 18 inci Maddelerinin Uygulama Yönetmeliğinin 9. maddesinde, arazi izin bedelinin her yıl diğer bedellerin izin başlangıcında bir defaya mahsus defaten alınacağının düzenlendiği, aynı Yönetmeliğin 18. maddesinde ise, izinlerin devredilmesi halinde bir defaya mahsus alınan bedellerin alınmayacağının düzenlendiği görülmektedir.
Uyuşmazlıkta, dava konusu orman izninin 2017 yılı öncesinde davacı adına devredilmeden Enerji ve Tabii Kaynaklar Bakanlığı adına bedelsiz olarak verildiği, anılan iznin 2017 yılından sonra bedelli hale geldiği, bu kapsamda ilk defa izin verildiği tarihte dava konusu izin nedeniyle ''alınmış'' bir ağaçlandırma bedeli bulunmadığından, davacı adına resmi izin verildiği tarihte geçerli olan birim fiyatlar üzerinden davacıdan ödenmesi istenilen ağaçlandırma bedelinin istenilmesine yönelik işlemde hukuka aykırılık bulunmamıştır.
Bu itibarla, dava konusu işlemin davacıdan ağaçlandırma bedeli istenilmesine ilişkin kısmı yönünden verilen dava konusu işlemin iptali yönündeki idare mahkemesi kararına yönelik istinaf isteminin reddine ilişkin temyize konu Bölge İdare Mahkemesi kararında hukuki isabet bulunmamaktadır.

KARAR SONUCU:
KARAR SONUCU:
Açıklanan nedenlerle,
1. Temyiz isteminin kısmen kabulüne, kısmen reddine,
2. ... Bölge İdare Mahkemesi ...İdari Dava Dairesinin... tarih ve E:..., K:... sayılı kararının,
a) Dava konusu işlemin, 46.188 m2 lik kısmı için idarece istenilen ağaçlandırma bedeli yönünden verilen iptal kararının BOZULMASINA,
b) Dava konusu işlemin, 46.188 m2 lik kısmı için idarece istenilen 2017 yılı öncesi arazi izin bedeli yönünden verilen iptal kararının ONANMASINA,
3. Bozulan kısım hakkında yeniden karar verilmek üzere dosyanın anılan Bölge İdare Mahkemesine gönderilmesine,
4. Dava konusu işlemin 46.188 m2 lik kısmı için idarece davacıdan istenilen ağaçlandırma bedeli yönünden oybirliği ile 46.188 m2 lik kısmı için idarece davacıdan istenilen 2017 yılı öncesi arazi izin bedeli yönünden oyçoklu","Davacı kamu kurumu tarafından, ormanlık alanda bulunan Karacaören-II Hidroelektrik Santraline ilişkin 46.188 m²’lik alan için ağaçlandırma bedeli ile 2017 yılı öncesine ait arazi izin bedelinin tahsil edilmesine yönelik işlemin iptali talep edilmiştir. Davacı, söz konusu tesisin kullanım ve işletme hakkını sonradan devraldığını, bu nedenle izin devrinden önceki döneme ait bedellerden sorumlu tutulamayacağını ileri sürmüştür. Davalı idare ise davacının alanı fiilen uzun yıllardır kullandığını ve bu nedenle geçmiş dönem arazi izin bedelleri ile ağaçlandırma bedelini ödemekle yükümlü olduğunu savunmuştur. İlk derece mahkemesi, izin devrinden önceki dönem için arazi izin bedeli talep edilemeyeceği ve izin devrinde bir defaya mahsus alınan bedellerin yeniden istenemeyeceği gerekçesiyle işlemi iptal etmiştir. Danıştay, arazi izin bedelinin izin başlangıç tarihine göre hesaplanması gerektiğini, davacı adına kesin izin devrinin 2017 yılında gerçekleştiğini belirterek 2017 yılı öncesine ait arazi izin bedelinin talep edilmesinde hukuka uygunluk bulunmadığı sonucuna ulaşmıştır. Buna karşılık, dava konusu alan bakımından daha önce tahsil edilmiş bir ağaçlandırma bedelinin bulunmadığını, bu nedenle davacı adına izin verildiği tarihte geçerli olan birim fiyatlar üzerinden ağaçlandırma bedeli istenmesinin mevzuata uygun olduğunu değerlendirmiştir. Mahkeme, ağaçlandırma bedelinin izin başlangıcında bir defaya mahsus alınan bir bedel olması nedeniyle bu talebin hukuka aykırı sayılamayacağını belirtmiştir. Sonuç olarak, 2017 yılı öncesi arazi izin bedeline ilişkin iptal kararı onanmış, ağaçlandırma bedeline ilişkin iptal kararı ise bozulmuş ve dosya yeniden karar verilmek üzere ilgili mahkemeye gönderilmiştir."
egitim_2,egitim,egitim_2.txt,egitim_ozet_2.txt,"Danıştay 5. Daire Başkanlığı 2025/18406 E. , 2026/1330 K.

""İçtihat Metni""
T.C.
D A N I Ş T A Y
BEŞİNCİ DAİRE
Esas No : 2025/18406
Karar No : 2026/1330

YETKİLİ YARGI YERİNİN BELİRLENMESİ KARARI

Kahramanmaraş İl Milli Eğitim Müdürlüğü emrinde öğretmen olarak görev yapmakta iken 672 sayılı Kanun Hükmünde Kararname ile kamu görevinden çıkarılan ve Olağanüstü Hal (OHAL) İşlemleri İnceleme Komisyonu kararıyla göreve iade edilen davacı ... vekili Av. ... tarafından, müvekkilinin, kamu görevinden çıkarılması sebebiyle uğradığı manevi zarar nedeniyle 300.000,00-TL manevi tazminatın yasal faiz ile birlikte tahsiline karar verilmesi istemiyle Milli Eğitim Bakanlığına karşı açılan davada verilen Ankara 4. İdare ve Kahramanmaraş 3. İdare Mahkemelerinin davanın yetki yönünden reddine dair kararları sonucunda, anılan iki Mahkeme arasında çıkan yetki uyuşmazlığı 2577 sayılı İdari Yargılama Usulü Kanunu'nun 43. maddesinin 1. fıkrasının (b) bendi uyarınca incelenerek gereği görüşüldü:
2577 sayılı İdari Yargılama Usulü Kanunu'nun ""Tam Yargı Davalarında Yetki"" başlıklı 36. maddesinin ""a"" bendinde, tam yargı davalarında yetkili mahkemenin zararı doğuran idari uyuşmazlığı çözümlemeye yetkili idari mahkemesi olduğuna ilişkin genel yetki kuralı yer almakta olup, aynı Kanun'un 33. maddesinde kamu görevlileri ile ilgili davalarda yetki kuralı açıklanmış ve anılan maddenin 3. fıkrasında uyuşmazlığın kamu görevlisinin özlük ve parasal haklarına ilişkin olması durumunda yetkili mahkemenin ilgilinin görevli bulunduğu yer mahkemesi olduğu kurala bağlanmıştır. 01/02/2018 tarih ve 7075 sayılı OHAL İşlemleri İnceleme Komisyonu Kurulması Hakkında Kanun Hükmünde Kararnamenin Değiştirilerek Kabul Edilmesine Dair Kanun'un 1. maddesinde ise, başka bir idari işlem tesis edilmeksizin doğrudan KHK ile tesis edilen işlemlere ilişkin başvuruları değerlendirmek ve karara bağlamak üzere OHAL İşlemleri İnceleme Komisyonu kurulduğu, OHAL İşlemleri İnceleme Komisyonu kararlarının uygulanmasını düzenleyen ""Kararların uygulanması"" başlıklı 10. maddesinin birinci fıkrasının son cümlesinde, Komisyon kararıyla göreve başlayanlara, kamu görevinden çıkarılmalarını takip eden aybaşından göreve başladıkları tarihe kadar geçen süreye tekabül eden mali ve sosyal haklarının ödeneceği, anılan Kanun'un ""Yargı denetimi"" başlıklı 11. maddesinin 1. fıkrasında da, Komisyon kararlarına karşı Hâkimler ve Savcılar Kurulunca belirlenecek Ankara idare mahkemelerinde ilgilinin en son görev yaptığı kurum veya kuruluş aleyhine iptal davası açılabileceği hükme bağlanmıştır.
Söz konusu uyuşmazlığın çözümlenebilmesi için öncelikle 2577 sayılı Kanun'un 36/a maddesinde yer alan tam yargı davalarındaki genel yetki kuralı uyarınca zararı doğuran idari uyuşmazlığın tespitinin yapılması, daha sonra da 2577 sayılı Kanun ve özel kanunlardaki hükümlere göre bu idari uyuşmazlığı çözümlemeye yetkili idare mahkemesinin belirlenmesi gerekmektedir.
KHK eki listelerde ismine yer verilmek suretiyle kamu görevinden çıkartılanlardan göreve iade edilenlerin parasal ve özlük hakları, 7075 sayılı Kanun'un 10. maddesi uyarınca Komisyon kararını uygulamakla yükümlü idare tarafından mali ve sosyal haklar kapsamında Kanun gereği ödenmektedir. Bu hakların ödenmesine ilişkin ortaya çıkan uyuşmazlıkların çözümlenmesi amacıyla açılan davalarda zararı doğuran işlem idare tarafından Komisyon kararı sonrası tesis edilen işlem olup bu sebeple uğranılan zararların kamu görevinden çıkarma ile illiyet bağı kesildiğinden, uyuşmazlığın çözümünde y","Davacı tarafından, Kanun Hükmünde Kararname ile kamu görevinden çıkarılması nedeniyle uğradığını ileri sürdüğü manevi zararın tazmini amacıyla açılan davada hangi idare mahkemesinin yetkili olduğunun belirlenmesi talep edilmiştir. Davacı, öğretmen olarak görev yapmakta iken kamu görevinden çıkarıldığını, daha sonra OHAL İşlemleri İnceleme Komisyonu kararıyla görevine iade edildiğini ve bu süreçte uğradığı manevi zararların tazmin edilmesi gerektiğini ileri sürmüştür. Ankara ve Kahramanmaraş İdare Mahkemeleri davayı yetki yönünden reddetmiş, bunun üzerine mahkemeler arasında yetki uyuşmazlığı ortaya çıkmıştır. Danıştay, tam yargı davalarında yetkinin belirlenebilmesi için öncelikle zarara yol açan idari işlemin tespit edilmesi gerektiğini değerlendirmiştir. Mahkeme, davacının iddia ettiği manevi zararın kaynağının OHAL Komisyonu kararı sonrasında tesis edilen bir işlem değil, doğrudan Kanun Hükmünde Kararname ile kamu görevinden çıkarılması işlemi olduğunu belirtmiştir. Bu nedenle, uyuşmazlığın çözümünde OHAL Komisyonu kararlarına ilişkin özel yetki kurallarının uygulanması gerektiği sonucuna ulaşılmıştır. Danıştay, göreve iade edilen kişilerin mali ve sosyal hakları dışında kalan maddi ve manevi zararlarının tazmini istemlerinden doğan uyuşmazlıkların Ankara’daki özel yetkili idare mahkemelerinde görülmesi gerektiğini kabul etmiştir. Sonuç olarak, davanın görüm ve çözümünde Ankara İdare Mahkemelerinin yetkili olduğuna karar verilmiş ve dosyanın bu mahkemelere gönderilmesine hükmedilmiştir."
ihale_2,ihale,ihale_2.txt,ihale_ozet_2.txt,"DAVA KONUSU:
Dava konusu istem: Davacı şirket tarafından, Batman ili, Sason ilçesi ... Köyü sınırları dahilinde bulunan ER:... numaralı IV. Grup maden ruhsat sahası için arama ruhsat talebinin reddine ilişkin Maden ve Petrol İşleri Genel Müdürlüğünün ... tarih ve ... sayılı işlemiyle bildirilen ... tarih ve ... sayılı Enerji ve Tabii Kaynakları Bakanlığı Taşınmaz Komisyonu işleminin iptali istenilmiştir.

TEMYİZ İDDİALARI:
TEMYİZ EDENLERİN İDDİALARI : Davalı idareler tarafından, madenlerin taşınmaz mal niteliğinde olduğu, 2018/8 sayılı Cumhurbaşkanlığı Genelgesi doğrultusunda faaliyetlerini sürdüren Taşınmaz Komisyonunun dava konusu işlemi tesis etme yetkisinin bulunduğu ileri sürülmektedir.

KARŞI TARAF SAVUNMASI:
KARŞI TARAFIN SAVUNMASI : Savunma verilmemiştir.

MADDİ OLAY:
MADDİ OLAY :
Dava, davacı şirket tarafından, Batman ili, Sason ilçesi ... Köyü sınırları dahilinde bulunan ER:... numaralı IV. Grup maden ruhsat sahası için arama ruhsat talebinin reddine ilişkin Maden ve Petrol İşleri Genel Müdürlüğünün ... tarih ve ... sayılı işlemiyle bildirilen, ... tarih ve ... sayılı Enerji ve Tabii Kaynakları Bakanlığı Taşınmaz Komisyonu işleminin iptali istemiyle açılmıştır.

HUKUKİ DEĞERLENDİRME:
HUKUKİ DEĞERLENDİRME:
Yukarıda aktarılan mevzuat hükümleri incelendiğinde, ihale yoluyla ya da müracaat sonucunda hak kazanılan maden sahaları için; ön inceleme raporu ile arama dönemi faaliyetlerinin yerine getirilebilmesi için gerekli olan mali yeterliliği de içeren maden arama projesinin verilmesi ve ruhsat bedelinin yatırılması şartlarının yerine getirilmesi durumunda Maden ve Petrol İşleri Genel Müdürlüğünce arama ruhsatı düzenleneceği kurala bağlanmıştır.
2018/8 sayılı Cumhurbaşkanlığı Genelgesinde ise, kamu kurum ve kuruluşlarının mülkiyetinde veya tasarrufunda olan taşınmazlara yönelik satış, kira, irtifak, takas, tahsis, devir ve benzeri her türlü tasarrufa ilişkin işlemlerin komisyonlar vasıtasıyla yapılması ve söz konusu komisyonların izin başvuru ve

KARAR SONUCU:
KARAR SONUCU:
Açıklanan nedenlerle,
1. Temyiz istemlerinin reddine,
2. ... Bölge İdare Mahkemesi ... İdari Dava Dairesinin ... tarih ve E:..., K:... sayılı kararının yukarıda belirtilen gerekçeyle ONANMASINA,
3. Temyiz giderlerinin istemde bulunanlar üzerinde bırakılmasına, posta gideri avansından artan tutarın Mahkeme tarafından iadesine,
4. 2577 sayılı Kanunun 50. maddesi uyarınca onama kararının taraflara tebliğini ve bir örneğinin de belirtilen Bölge İdare Mahkemesine gönderilmesini teminen dosyanın İdare Mahkemesine gönderilmesine,
5. Kesin olarak, 16/12/2025 tarihinde esasta oybirliği gerekçede oyçokluğu ile karar verildi.

GEREKÇEDE","Davacı şirket tarafından, bir IV. Grup maden ruhsat sahasına ilişkin arama ruhsatı talebinin reddedilmesine dair işlemin iptali talep edilmiştir. Davacı, ruhsat başvurusunun herhangi bir somut gerekçe gösterilmeksizin reddedildiğini ileri sürerken, davalı idareler işlemin Taşınmaz Komisyonu tarafından yetkili şekilde tesis edildiğini savunmuştur. İlk derece mahkemesi, dava konusu işlemde yalnızca talebin uygun görülmediğinin belirtildiğini, ancak ret kararının dayandığı maddi ve hukuki sebeplerin ortaya konulmadığını değerlendirerek işlemi iptal etmiştir. Danıştay, maden arama faaliyetlerinin yalnızca kanunda öngörülen şartlarla sınırlandırılabileceğini, kanunda yer almayan yeni kısıtlamaların genelge veya benzeri alt düzenleyici işlemlerle getirilemeyeceğini vurgulamıştır. Mahkeme, idarenin maden ruhsatı başvurularını değerlendirme konusunda takdir yetkisine sahip olduğunu, ancak bu yetkinin kamu yararı ve hizmet gerekleri doğrultusunda somut gerekçelere dayanılarak kullanılmasının zorunlu olduğunu belirtmiştir. Olayda ise ret işleminin dayandığı herhangi bir hukuki veya fiili sebebin ne işlemde ne de yargılama sürecindeki savunmalarda açıklanamadığı tespit edilmiştir. Bu nedenle yalnızca takdir yetkisine dayanılarak ve gerekçe gösterilmeksizin tesis edilen işlemin hukuka uygun olmadığı sonucuna ulaşılmıştır. Sonuç olarak, dava konusu işlemin iptaline ilişkin mahkeme kararı onanmış, ancak bu kararın davacıya doğrudan arama ruhsatı verilmesi sonucunu doğurmayacağı ve idarenin mevzuat hükümleri çerçevesinde yeniden değerlendirme yapabileceği belirtilmiştir."
saglık_4,saglık,saglık_4.txt,saglik_ozet_4.txt,"DAVA KONUSU:
Dava konusu istem: 27/03/2002 tarih ve 24708 sayılı Resmî Gazete’de yayımlanan Özel Hastaneler Yönetmeliği'nin, 06/10/2022 tarih ve 31975 sayılı Resmî Gazete'de yayımlanan Özel Hastaneler Yönetmeliğinde Değişiklik Yapılmasına Dair Yönetmeliğin 3. maddesi ile değiştirilen ek 5. maddesinin birinci fıkrasının (ı) bendi ile anılan değişikliğin 5. ve 6. maddelerinin iptali istenilmiştir.

TEMYİZ İDDİALARI:
TEMYİZ EDENİN İDDİALARI : Davalı idare tarafından, davaya konu düzenlemenin üst hukuk normlarına, kamu yararına ve hizmet gereklerine uygun olarak tesis edildiği, hukuka aykırı ve iptalini gerektirecek bir yönünün bulunmadığı, temyize konu kararın iptale ilişkin kısımlarının bozulması gerektiği ileri sürülmektedir.

KARŞI TARAF SAVUNMASI:
KARŞI TARAFIN SAVUNMASI : Davacı tarafından, savunma verilmemiştir.

MADDİ OLAY:
MADDİ OLAY :
27/03/2002 tarih ve 24708 sayılı Resmî Gazete’de yayımlanan Özel Hastaneler Yönetmeliği'nin ""Özel hastanenin kalite ve verimliliğini artırmak amacıyla izin verilebilecek hususlar"" başlıklı ek 5. maddesinin birinci fıkrasının -22/03/2017 tarih ve 30015 sayılı Resmî Gazete'de yayımlanan Özel Hastaneler Yönetmeliğinde Değişiklik Yapılmasına Dair Yönetmeliğin 36. maddesi ile değişik- (ı) bendi;
""1219 sayılı Kanunun 12 nci maddesine uygun olmak kaydıyla mesleğini serbest olarak icra eden hekimler muayenehanesine müracaat eden hastalarının teşhis ve tedavisini özel hastanelerde yapabilirler. Hastaya sunulan teşhis ve tedavi hizmetlerinden muayenehane hekimi ve özel hastane müştereken sorumludur. Bu durumdaki hastalar, hastanedeki tedavi masraflarının kendileri tarafından karşılanacağı hususunda bilgilendirilir ve buna ilişkin rıza formu hastaya veya kanuni temsilcisine imzalatılır. Bu hekimlere hizmet sunan hastanenin mesul müdürü her ay sonu itibariyle tedavi edilen hasta sayısı ve hekim ismi ile rıza formunu müdürlüğe bildirir. Ayrıca bu şekilde tedavi gören hastalara ayrıntılı fatura düzenlenir."" şeklinde iken,
06/10/2022 tarih ve 31975 sayılı Resmî Gazete'de yayımlanan Özel Hastaneler Yönetmeliğinde Değişiklik Yapılmasına Dair Yönetmeliğin 3. maddesi ile,
""Muayenehanesi bulunan hekimler, 1219 sayılı Kanunun 12 nci maddesinin üçüncü fıkrası gereğince hizmet bedeli hasta tarafından karşılanmak ve Sosyal Güvenlik Kurumundan talep edilmemek kaydıyla, muayenehanesine mü

HUKUKİ DEĞERLENDİRME:
HUKUKİ DEĞERLENDİRME:
Yönetmeliğin 3. maddesi ile değiştirilen Özel Hastaneler Yönetmeliği'nin ek 5. maddesinin birinci fıkrasının (ı) bendinin birinci cümlesinde yer alan ""...yıllık sözleşme yapmak suretiyle ilgili branşta boş uzman hekim kadrosu olması halinde ..."" ibaresi ile aynı bendin ikinci, üçüncü ve dördüncü cümleleri yönünden;
Yönetmeliğin dava konusu kısımlarında, mesleğini serbest olarak icra eden hekimlerin muayenehanesine müracaat eden hastaların teşhis ve tedavilerini özel hastanelerde yapabilmeleri, hekim ile özel hastane arasında yıllık sözleşme yapılması ve hastanenin ilgili branşta boş uzman hekim kadrosu bulunması şartlarına bağlanmış, hastanenin boş uzman hekim kadrosunun olmaması durumunda, ruhsatında veya faaliyet izin belgesinde kayıtlı uzman hekim branşlarındaki toplam kadro sayısının %15’ine kadar uzman hekimle sözleşme imzalanabileceği, aynı branşta birden fazla hekimle sözleşme imzalanmak istenmesi durumunda ise, ilgili branşın toplam kadro sayısının üçte birinden fazla uzman hekim ile sözleşme imzalanamayacağı, yapılan sözleşmenin taraflarca imzalanmış nüshasının ise, özel hastane tarafından SKYS’ye ekleneceği ve müdürlüğe gönderileceği düzenlenmiştir.
Her ne kadar dava devam ederken, dava konusu düzenlemelerde bir takım değişikliklere gidilmiş ise de, muayenehaneye başvuran hastaların teşhis ve tedavilerinin özel hastanelerde yapılabilmesi için getirilen kısıtlamaların benzer şekilde devam ettiği, davacının hukuka aykırılık iddialarının ortadan kalkmadığı, anılan değişikliklerin dava konusu düzenlemelerin hukuka uygunluk denetimine engel teşkil etmediği anlaşıldığından, işin esasının incelenmesi gerekmektedir.
1219 sayılı Kanun'un 12. maddesi uyarınca, tabip, diş tabibi ve tıpta uzmanlık mevzuatına göre uzman olanların, Sağlık Bakanlığınca yapılan istihdam planlamaları çerçevesinde ve anılan maddenin ikinci fıkrasının her bir bendi kapsamında olmak kaydıyla, birden fazla sağlık kurum ve kuruluşunda çalışabilme hakkına sahip oldukları, bunlardan mesleğini serbest olarak icra edenlerin, hizmet bedeli hasta tarafından karşılanmak ve Sosyal Güvenlik Kurumundan talep edilmemek kaydıyla, Sosyal Güvenlik Kurumu ve kamu kurumları ile sözleşmeli çalışan özel sağlık kurum ve kuruluşları ve vakıf üniversitelerinde de hastalarının teşhis ve tedavisini yapabilecekleri açıktır.
Bununla birlikte, 3359 sayılı Sağlık Hizmetleri Temel Kanunu'nun 3. maddesi, 1 sayılı Cumhurbaşkanlığı Kararnamesi'nin 355. maddesi ve bu düzenlemelere dayanılarak çıkarılan Özel Hastaneler Yönetmeliği hükümleri uyarınca Sağlık Bakanlığının, mevcut sağlık insan gücünü, kamu ve özel kurum ve kuruluşlar düzeyinde planlamaya ve istihdamın bu plan çerçevesinde yürütülmesini sağlamaya ve bunu denetlemeye yetkili olduğu hususu yerleşik Danıştay içtihatları ile sabittir.
Diğer yandan, Sağlık Bakanlığının sağlık insan gücünü planlama yetkisine ilişkin olarak, anılan mevzuat hükümlerinin yanı sıra, hekimlerin birden fazla yerde çalışabilmelerine ve mesleğini serbest

KARAR SONUCU:
KARAR SONUCU:
Açıklanan nedenlerle;
1. Davalı idarenin temyiz isteminin kabulüne,
2. Yukarıda özetlenen gerekçeyle kısmen davanın reddine, kısmen dava konusu düzenlemenin iptaline ilişkin, Danıştay Onuncu Dairesinin temyize konu 27/12/2024 tarih ve E:2022/7784, K:2024/7185 sayılı kararının iptale ilişkin kısımlarının BOZULMASINA,
3. Bozulan kısımlar yönünden yeniden bir karar verilmek üzere dosyanın anılan Daireye gönderilmesine,
4. Kesin olarak, 22/12/2025 tarihinde, oyçokluğu ile karar verildi.","Uyuşmazlık, engelli birey adına özel tüketim vergisi istisnasından yararlanılarak satın alınan aracın tescil işleminden önce engelli kişinin vefat etmesi nedeniyle, ilk iktisap aşamasında istisna kapsamında ödenmeyen vergilerin mirasçılar adına tarh edilip edilemeyeceğine ilişkindir. Davacılar, aracın satın alma işlemlerinin ve vergiyi doğuran olayın murisin sağlığında gerçekleştiğini, yalnızca tescil işleminin ölüm sonrasına kaldığını, bu nedenle mirasçılar adına vergi tarh edilmesinin hukuka aykırı olduğunu ileri sürmüştür. Buna karşılık bazı bölge idare mahkemeleri, tescil anında araç sahibinin hayatta olmaması nedeniyle istisna şartlarının gerçekleşmediğini kabul ederek tarhiyatı hukuka uygun bulmuştur. Danıştay Vergi Dava Daireleri Kurulu, 4760 sayılı Kanun’daki istisna düzenlemelerini ve verginin kanuniliği ilkesini birlikte değerlendirmiştir. Kurul, kanunda engelli kişinin tescilden önce vefat etmesi halinde istisnanın uygulanmayacağına ve mirasçıların vergiden sorumlu tutulacağına ilişkin açık bir hüküm bulunmadığını belirtmiştir. Ayrıca böyle bir yükümlülüğün yalnızca genel tebliğ ile getirilemeyeceği ve vergi borcunun kanuni dayanak olmaksızın genişletilemeyeceği vurgulanmıştır. Bu nedenle, murisin vefatı nedeniyle istisna kapsamında ödenmeyen vergilerin mirasçılar adına resen tarh edilmesinin hukuka uygun olmadığı sonucuna ulaşılmıştır. Sonuç olarak, bölge idare mahkemeleri arasındaki aykırılığın, tarhiyatların kaldırılması gerektiği yönündeki kararlar doğrultusunda giderilmesine karar verilmiştir."
sosyal_guvenlik_3,sosyal_guvenlik,sosyal_guvenlik_3.txt,sosyal_guvenlik_ozet_3.txt,"DAVA KONUSU:
Dava konusu istem: 27/03/2002 tarih ve 24708 sayılı Resmî Gazete’de yayımlanan Özel Hastaneler Yönetmeliği'nin, 06/10/2022 tarih ve 31975 sayılı Resmî Gazete'de yayımlanan Özel Hastaneler Yönetmeliğinde Değişiklik Yapılmasına Dair Yönetmeliğin 3. maddesi ile değiştirilen ek 5. maddesinin birinci fıkrasının (ı) bendi ile anılan değişikliğin 5. ve 6. maddelerinin iptali istenilmiştir.

TEMYİZ İDDİALARI:
TEMYİZ EDENİN İDDİALARI : Davalı idare tarafından, davaya konu düzenlemenin üst hukuk normlarına, kamu yararına ve hizmet gereklerine uygun olarak tesis edildiği, hukuka aykırı ve iptalini gerektirecek bir yönünün bulunmadığı, temyize konu kararın iptale ilişkin kısımlarının bozulması gerektiği ileri sürülmektedir.

KARŞI TARAF SAVUNMASI:
KARŞI TARAFIN SAVUNMASI : Davacı tarafından, Danıştay Onuncu Dairesince verilen kararın iptale ilişkin kısımlarının usul ve hukuka uygun bulunduğu ve temyiz dilekçesinde öne sürülen nedenlerin, kararın bu kısımlarının bozulmasını gerektirecek nitelikte olmadığı belirtilerek temyiz isteminin reddi gerektiği savunulmuştur.

MADDİ OLAY:
MADDİ OLAY :
27/03/2002 tarih ve 24708 sayılı Resmî Gazete’de yayımlanan Özel Hastaneler Yönetmeliği'nin ""Özel hastanenin kalite ve verimliliğini artırmak amacıyla izin verilebilecek hususlar"" başlıklı ek 5. maddesinin birinci fıkrasının -22/03/2017 tarih ve 30015 sayılı Resmî Gazete'de yayımlanan Özel Hastaneler Yönetmeliğinde Değişiklik Yapılmasına Dair Yönetmeliğin 36. maddesi ile değişik- (ı) bendi;
""1219 sayılı Kanunun 12 nci maddesine uygun olmak kaydıyla mesleğini serbest olarak icra eden hekimler muayenehanesine müracaat eden hastalarının teşhis ve tedavisini özel hastanelerde yapabilirler. Hastaya sunulan teşhis ve tedavi hizmetlerinden muayenehane hekimi ve özel hastane müştereken sorumludur. Bu durumdaki hastalar, hastanedeki tedavi masraflarının kendileri tarafından karşılanacağı hususunda bilgilendirilir ve buna ilişkin rıza formu hastaya veya kanuni temsilcisine imzalatılır. Bu hekimlere hizmet sunan hastanenin mesul müdürü her ay sonu itibariyle tedavi edilen hasta sayısı ve hekim ismi ile rıza formunu müdürlüğe bildirir. Ayrıca bu şekilde tedavi gören hastalara ayrıntılı fatura düzenlenir."" şeklinde iken,
06/10/2022 tarih ve 31975 sayılı Resmî Gazete'de yayımlanan Özel Hastaneler Yönetmeliğinde Değişiklik Yapılmasına Dair Yönetmeliğin 3. maddesi ile,
""Muayenehanesi bulunan hekimler, 1219 sayılı Kanunun 12 nci maddesinin üçüncü fıkrası gereğince hizmet bedeli hasta tarafından karşılanmak ve Sosyal Güvenlik Kurumundan talep edilmemek kaydıyla, muayenehanesine mü

HUKUKİ DEĞERLENDİRME:
HUKUKİ DEĞERLENDİRME:
Yönetmeliğin 3. maddesi ile değiştirilen Özel Hastaneler Yönetmeliği'nin ek 5. maddesinin birinci fıkrasının (ı) bendinin birinci cümlesinde yer alan ""...yıllık sözleşme yapmak suretiyle ilgili branşta boş uzman hekim kadrosu olması halinde ..."" ibaresi ile aynı bendin ikinci, üçüncü ve dördüncü cümleleri yönünden;
Yönetmeliğin dava konusu kısımlarında, mesleğini serbest olarak icra eden hekimlerin muayenehanesine müracaat eden hastaların teşhis ve tedavilerini özel hastanelerde yapabilmeleri, hekim ile özel hastane arasında yıllık sözleşme yapılması ve hastanenin ilgili branşta boş uzman hekim kadrosu bulunması şartlarına bağlanmış, hastanenin boş uzman hekim kadrosunun olmaması durumunda, ruhsatında veya faaliyet izin belgesinde kayıtlı uzman hekim branşlarındaki toplam kadro sayısının %15’ine kadar uzman hekimle sözleşme imzalanabileceği, aynı branşta birden fazla hekimle sözleşme imzalanmak istenmesi durumunda ise, ilgili branşın toplam kadro sayısının üçte birinden fazla uzman hekim ile sözleşme imzalanamayacağı, yapılan sözleşmenin taraflarca imzalanmış nüshasının ise, özel hastane tarafından SKYS’ye ekleneceği ve müdürlüğe gönderileceği düzenlenmiştir.
Her ne kadar dava devam ederken, dava konusu düzenlemelerde bir takım değişikliklere gidilmiş ise de, muayenehaneye başvuran hastaların teşhis ve tedavilerinin özel hastanelerde yapılabilmesi için getirilen kısıtlamaların benzer şekilde devam ettiği, davacının hukuka aykırılık iddialarının ortadan kalkmadığı, anılan değişikliklerin dava konusu düzenlemelerin hukuka uygunluk denetimine engel teşkil etmediği anlaşıldığından, işin esasının incelenmesi gerekmektedir.
1219 sayılı Kanun'un 12. maddesi uyarınca, tabip, diş tabibi ve tıpta uzmanlık mevzuatına göre uzman olanların, Sağlık Bakanlığınca yapılan istihdam planlamaları çerçevesinde ve anılan maddenin ikinci fıkrasının her bir bendi kapsamında olmak kaydıyla, birden fazla sağlık kurum ve kuruluşunda çalışabilme hakkına sahip oldukları, bunlardan mesleğini serbest olarak icra edenlerin, hizmet bedeli hasta tarafından karşılanmak ve Sosyal Güvenlik Kurumundan talep edilmemek kaydıyla, Sosyal Güvenlik Kurumu ve kamu kurumları ile sözleşmeli çalışan özel sağlık kurum ve kuruluşları ve vakıf üniversitelerinde de hastalarının teşhis ve tedavisini yapabilecekleri açıktır.
Bununla birlikte, 3359 sayılı Sağlık Hizmetleri Temel Kanunu'nun 3. maddesi, 1 sayılı Cumhurbaşkanlığı Kararnamesi'nin 355. maddesi ve bu düzenlemelere dayanılarak çıkarılan Özel Hastaneler Yönetmeliği hükümleri uyarınca Sağlık Bakanlığının, mevcut sağlık insan gücünü, kamu ve özel kurum ve kuruluşlar düzeyinde planlamaya ve istihdamın bu plan çerçevesinde yürütülmesini sağlamaya ve bunu denetlemeye yetkili olduğu hususu yerleşik Danıştay içtihatları ile sabittir.
Diğer yandan, Sağlık Bakanlığının sağlık insan gücünü planlama yetkisine ilişkin olarak, anılan mevzuat hükümlerinin yanı sıra, hekimlerin birden fazla yerde çalışabilmelerine ve mesleğini serbest

KARAR SONUCU:
KARAR SONUCU:
Açıklanan nedenlerle;
1. Davalı idarenin temyiz isteminin kabulüne,
2. Yukarıda özetlenen gerekçeyle kısmen davanın reddine, kısmen dava konusu düzenlemenin iptaline ilişkin, Danıştay Onuncu Dairesinin temyize konu 27/12/2024 tarih ve E:2022/7578, K:2024/7174 sayılı kararının iptale ilişkin kısımlarının BOZULMASINA,
3. Bozulan kısımlar yönünden yeniden bir karar verilmek üzere dosyanın anılan Daireye gönderilmesine,
4. Kesin olarak, 22/12/2025 tarihinde, oyçokluğu ile karar verildi.","Davacı tarafından, Özel Hastaneler Yönetmeliği’nde yapılan değişiklikle muayenehanesi bulunan hekimlerin hastalarını özel hastanelerde tedavi edebilmelerinin yıllık sözleşme yapılması, boş uzman hekim kadrosu bulunması, belirli kota sınırlamalarına uyulması ve sözleşmelerin idareye bildirilmesi şartlarına bağlanmasına ilişkin düzenlemeler ile bunlara bağlı yükümlülük ve yaptırım hükümlerinin iptali talep edilmiştir. Davacı, söz konusu sınırlamaların hukuki ve bilimsel dayanağının bulunmadığını, hekimlerin çalışma özgürlüğünü gereksiz biçimde kısıtladığını ileri sürmüştür. Davalı idare ise düzenlemelerin sağlık insan gücünün planlanması, sağlık hizmetlerinin dengeli dağılımının sağlanması ve kamu yararının korunması amacıyla tesis edildiğini savunmuştur. İlk derece incelemesini yapan Danıştay Dairesi, yıllık sözleşme, boş kadro ve kota şartlarının somut bilimsel verilere dayanmadığı gerekçesiyle ilgili düzenlemeleri iptal etmiştir. Danıştay İdari Dava Daireleri Kurulu, Sağlık Bakanlığının sağlık hizmetlerinin planlanması ve sağlık insan gücünün dağılımının düzenlenmesi konusunda geniş takdir ve düzenleme yetkisine sahip olduğunu değerlendirmiştir. Kurul, dava konusu sınırlamaların sağlık hizmetlerinin sürekliliğini, etkin planlamayı ve denetimi sağlamaya yönelik bulunduğunu, bu nedenle kamu yararı ve hizmet gerekleriyle uyumlu olduğunu kabul etmiştir. Ayrıca düzenlemelerin üst hukuk normlarına aykırı olmadığı sonucuna ulaşılmıştır. Sonuç olarak, davalı idarenin temyiz istemi kabul edilerek iptal kararına ilişkin kısımlar bozulmuş ve dosya yeniden karar verilmek üzere ilgili Daireye gönderilmiştir."
egitim_1,egitim,egitim_1.txt,egitim_ozet_1.txt,"Danıştay 5. Daire Başkanlığı 2026/1396 E. , 2026/1679 K.

""İçtihat Metni""
T.C.
D A N I Ş T A Y
BEŞİNCİ DAİRE
Esas No : 2026/1396
Karar No : 2026/1679

YETKİLİ YARGI YERİNİN BELİRLENMESİ KARARI

Kahramanmaraş ili, Onikişubat ilçesinde bulunan ... İlkokulunda öğretmen olarak olarak görev yapmakta iken, 672 sayılı Kanun Hükmünde Kararname ile kamu görevinden çıkarılan ve Olağanüstü Hal (OHAL) İşlemleri İnceleme Komisyonu kararıyla göreve iade edilen davacı ... vekili Av. ... tarafından, müvekkilinin, kamu görevinden çıkarılması nedeniyle uğramış olduğu manevi zararına karşılık 200.000,00 TL manevi tazminatın idareye başvuru tarihinden itibaren işletilecek yasal faiziyle birlikte ödenmesine karar verilmesi istemiyle Milli Eğitim Bakanlığına karşı açılan davada verilen Ankara 4. İdare ve Kahramanmaraş 2. İdare Mahkemelerinin davanın yetki yönünden reddine dair kararları sonucunda, anılan iki Mahkeme arasında çıkan yetki uyuşmazlığı 2577 sayılı İdari Yargılama Usulü Kanunu'nun 43. maddesinin 1. fıkrasının (b) bendi uyarınca incelenerek gereği görüşüldü:
2577 sayılı İdari Yargılama Usulü Kanunu'nun ""Tam Yargı Davalarında Yetki"" başlıklı 36. maddesinin ""a"" bendinde, tam yargı davalarında yetkili mahkemenin zararı doğuran idari uyuşmazlığı çözümlemeye yetkili idari mahkemesi olduğuna ilişkin genel yetki kuralı yer almakta olup, aynı Kanun'un 33. maddesinde kamu görevlileri ile ilgili davalarda yetki kuralı açıklanmış ve anılan maddenin 3. fıkrasında uyuşmazlığın kamu görevlisinin özlük ve parasal haklarına ilişkin olması durumunda yetkili mahkemenin ilgilinin görevli bulunduğu yer mahkemesi olduğu kurala bağlanmıştır. 01/02/2018 tarih ve 7075 sayılı OHAL İşlemleri İnceleme Komisyonu Kurulması Hakkında Kanun Hükmünde Kararnamenin Değiştirilerek Kabul Edilmesine Dair Kanun'un 1. maddesinde ise, başka bir idari işlem tesis edilmeksizin doğrudan KHK ile tesis edilen işlemlere ilişkin başvuruları değerlendirmek ve karara bağlamak üzere OHAL İşlemleri İnceleme Komisyonu kurulduğu, OHAL İşlemleri İnceleme Komisyonu kararlarının uygulanmasını düzenleyen ""Kararların uygulanması"" başlıklı 10. maddesinin birinci fıkrasının son cümlesinde, Komisyon kararıyla göreve başlayanlara, kamu görevinden çıkarılmalarını takip eden aybaşından göreve başladıkları tarihe kadar geçen süreye tekabül eden mali ve sosyal haklarının ödeneceği, anılan Kanun'un ""Yargı denetimi"" başlıklı 11. maddesinin 1. fıkrasında da, Komisyon kararlarına karşı Hâkimler ve Savcılar Kurulunca belirlenecek Ankara idare mahkemelerinde ilgilinin en son görev yaptığı kurum veya kuruluş aleyhine iptal davası açılabileceği hükme bağlanmıştır.
Söz konusu uyuşmazlığın çözümlenebilmesi için öncelikle 2577 sayılı Kanun'un 36/a maddesinde yer alan tam yargı davalarındaki genel yetki kuralı uyarınca zararı doğuran idari uyuşmazlığın tespitinin yapılması, daha sonra da 2577 sayılı Kanun ve özel kanunlardaki hükümlere göre bu idari uyuşmazlığı çözümlemeye yetkili idare mahkemesinin belirlenmesi gerekmektedir.
KHK eki listelerde ismine yer verilmek suretiyle kamu görevinden çıkartılanlardan göreve iade edilenlerin parasal ve özlük hakları, 7075 sayılı Kanun'un 10. maddesi uyarınca Komisyon kararını uygulamakla yükümlü idare tarafından mali ve sosyal haklar kapsamında Kanun gereği ödenmektedir. Bu hakların ödenmesine ilişkin ortaya çıkan uyuşmazlıkların çözümlenmesi amacıyla açılan davalarda zararı doğuran işlem idare tarafından Komisyon kararı sonrası tesis edilen işlem olup bu sebeple uğranılan zararların k","Davacı tarafından, kamu görevinden çıkarılması nedeniyle uğradığını ileri sürdüğü manevi zararın tazmini istemiyle açılan davada hangi idare mahkemesinin yetkili olduğunun belirlenmesi talep edilmiştir. Davacı, öğretmen olarak görev yapmakta iken Kanun Hükmünde Kararname ile kamu görevinden çıkarıldığını, daha sonra OHAL İşlemleri İnceleme Komisyonu kararıyla görevine iade edildiğini ve bu süreçte uğradığı manevi zararların tazminini istemiştir. Ankara ve Kahramanmaraş İdare Mahkemeleri davayı yetki yönünden reddetmiş, bu nedenle mahkemeler arasında yetki uyuşmazlığı doğmuştur. Danıştay, uyuşmazlığın çözümü için öncelikle zarara neden olan idari işlemin tespit edilmesi gerektiğini değerlendirmiştir. Mahkeme, davacının talep ettiği manevi zararın kaynağının OHAL Komisyonu kararı sonrasında tesis edilen bir işlem değil, doğrudan Kanun Hükmünde Kararname ile kamu görevinden çıkarılması işlemi olduğunu belirtmiştir. Bu nedenle uyuşmazlığın, OHAL Komisyonu kararlarına karşı açılacak davalar bakımından özel yetki öngören düzenlemeler kapsamında değerlendirilmesi gerektiği sonucuna ulaşılmıştır. Danıştay, kamu görevinden çıkarılma ile göreve iade arasında geçen dönemde uğranıldığı ileri sürülen maddi ve manevi zararların tazmini istemlerinden doğan uyuşmazlıkların Ankara’daki özel yetkili idare mahkemelerince görülmesi gerektiğini kabul etmiştir. Sonuç olarak, davanın görüm ve çözümünde yetkili mahkemenin Ankara İdare Mahkemeleri olduğuna karar verilmiş ve dosyanın bu mahkemelere gönderilmesine hükmedilmiştir."
imar_2,imar,imar_2.txt,imar_ozet_2.txt,"DAVA KONUSU:
Dava konusu istem: Davacı tarafından, 2025/1 Hukuk Mesleklerine Giriş Sınavı (HMGS) Yeni Değerlendirme Sonuçlarında 69,74750 puanla ''başarısız'' sayılmasına ilişkin işlemin iptali istenilmiştir.

TEMYİZ İDDİALARI:
TEMYİZ EDENİN İDDİALARI : Davacı tarafından, 2577 sayılı Kanun'un 20/B maddesine aykırı olarak işlem tesis edildiği, kararın bozulması gerektiği ileri sürülmektedir.

KARŞI TARAF SAVUNMASI:
KARŞI TARAFIN SAVUNMASI : İstemin reddi gerektiği savunulmaktadır.

MADDİ OLAY:
MADDİ OLAY :
ÖSYM ile Adalet Bakanlığı arasında imzalanan protokol kapsamında, 2025 Hukuk Mesleklerine Giriş Sınavı (2025-HMGS/1) 27/04/2025 tarihinde gerçekleştirilmiş; 22/05/2025 tarihinde açıklanan sonuçlarda davacı; 84 doğru sayısı, 36 yanlış sayısı ve 70 puanla sınavdan ""Başarılı"" olmuştur.
Sınav sorularına ilişkin olarak başka bir aday tarafından açılan davada; ... İdare Mahkemesi'nin ... tarih ve E:... sayılı dosyasında Temel Soru Kitapçığı’nda yer alan ""30"" numaralı soru için yürütmenin durdurulmasına karar verilmiş olup, ardından anılan Mahkemenin ... tarih ve E:... K:... sayılı kararıyla söz konusu sorunun iptaline karar verilmesi üzerine davalı idarece 6114 sayılı Kanun'un 7. maddesinin 2. fıkrası uyarınca, Temel Soru Kitapçığı’nda yer alan ""30"" numaralı soru değerlendirme dışı bırakılarak geçerli soruların puan değerlerinin yeniden belirlenmesi suretiyle yeniden puanlama yapılmıştır.
Bu çerçevede, yeniden değerlendirme sonuçları 16/09/2025 tarihinde ilan edilmiş olup, davacının; 83 doğru sayısı, 36 yanlış sayısı ve 69,74750 puanla sınavdan ''Başarısız'' olması üzerine bakılmakta olan dava açılmıştır.

HUKUKİ DEĞERLENDİRME:
HUKUKİ DEĞERLENDİRME:
Uyuşmazlıkta; sınav sorusunun yargı kararı ile iptali üzerine idarece kararın uygulanması kapsamında sınav

KARAR SONUCU:
KARAR SONUCU:
Açıklanan nedenlerle;
1. 2577 sayılı Kanun'un 49. maddesine uygun bulunan davacının temyiz isteminin kabulüne,
2. ... İdare Mahkemesi'nin... tarih ve E:..., K:... sayılı kararının KALDIRILMASINA,
3. Dava konusu işlemin İPTALİNE,
4. Ayrıntısı aşağıda gösterilen toplam ...TL yargılama giderinin davalı idareden alınarak davacıya verilmesine,
5. Karar tarihinde yürürlükte bulunan Avukatlık Asgari Ücret Tarifesi uyarınca ...TL vekalet ücretinin davalı idareden alınarak davacıya verilmesine,
6. Mahkemece yürütmenin durdurulması istemi hakkında karar verilmediğinden ...-TL yürütmenin durdurulması harcının istemi halinde davacıya iadesine,
7. Posta giderleri avansından varsa artan tutarın istemi hâlinde taraflara iadesine,
8. Dosyanın anılan Mahkemeye gönderilmesine, 2577 sayılı Kanu","Davacı tarafından, 2025 Hukuk Mesleklerine Giriş Sınavı sonucunda yeniden yapılan değerlendirme neticesinde 69,74750 puan alarak başarısız sayılmasına ilişkin işlemin iptali talep edilmiştir. Davacı, sınav sonucunun hukuka aykırı şekilde değiştirildiğini ileri sürerken, davalı idare yargı kararıyla iptal edilen sorunun değerlendirme dışı bırakılması sonucu yeniden puanlama yapılmasının mevzuat gereği olduğunu savunmuştur. İlk derece mahkemesi, iptal edilen sorunun çıkarılarak kalan sorular üzerinden yeniden puanlama yapılmasının 6114 sayılı Kanun’a uygun olduğunu ve davacının bu hesaplama sonucunda 70 puanın altına düşmesi nedeniyle başarısız sayılmasında hukuka aykırılık bulunmadığını değerlendirerek davayı reddetmiştir. Danıştay ise, merkezi sınavlara ilişkin yargı kararlarının sınava katılanların lehine sonuç doğuracak şekilde uygulanmasını öngören 2577 sayılı Kanun’un 20/B maddesine dikkat çekmiştir. Mahkeme, ilk açıklanan sonuçlara göre başarılı kabul edilen adayların, sonradan yapılan yeniden değerlendirme sonucunda başarısız sayılmalarının bu düzenlemeye aykırı olduğunu belirtmiştir. Ayrıca böyle bir uygulamanın hukuk mesleklerine giriş sürecinde adaylar ile ilgili kurumlar arasında hukuki belirsizlik ve uyuşmazlıklara yol açabileceği değerlendirilmiştir. Bu nedenle davacının yeniden puanlama sonucunda puanı düşmüş olsa dahi hukuken başarılı sayılması gerektiği sonucuna ulaşılmıştır. Sonuç olarak, dava konusu işlem iptal edilmiş ve ilk derece mahkemesi kararı kaldırılmıştır."
ruhsat_lisans_1,ruhsat_lisans,ruhsat_lisans_1.txt,ruhsat_lisans_ozet_1.txt,"DAVA KONUSU:
Dava konusu istem: Davacı kurum tarafından, Burdur ili, Bucak Orman İşletme Müdürlüğü Pamucak Orman İşletme Şefliği sınırları içerisinde kalan 16.091,00 m² alan için ağaçlandırma bedeli ve 2016 öncesi arazi izin bedeli ödenmesinin istenilmesine ilişkin ... tarih ve... sayılı Bucak Orman İşletme Müdürlüğü işleminin iptali istenilmiştir.

TEMYİZ İDDİALARI:
TEMYİZ EDENİN İDDİALARI : Davalı idare tarafından, davacıya 2016 yılında izin verilmişse de 2003 yılından itibaren çalışmaya başladığının sabit olduğu, yıllardır işletip kar elde ettiğinden fiili durum gereği izin ve ağaçlandırma bedellerini ödemekle yükümlü olduğu, davacının ödenmeyen ağaçlandırma bedelini ve fiilen çalıştığı dönemi içeren izin bedelini ödemesi gerektiği, dava konusu edilen bedellerle ilgili davacı adına icra takibine başlanıldığı, davacının itiraz etmesi ile takibin durduğu, anılan dosyada aldırılan bilirkişi raporunun istinaf incelemesi sırasında değerlendirilmesi için dosyaya sunulduğu ancak istinaf incelemesinde bu durumun ayrıntılı olarak değerlendirilmediği, eksik incelemeye dayalı olarak başvurunun reddine karar verildiği, her yıl için arazi izin bedeli alınması gerektiği ve bir defaya mahsus ağaçlandırma bedelinin ödenmesi gerektiği ileri sürülmektedir.

KARŞI TARAF SAVUNMASI:
KARŞI TARAFIN SAVUNMASI : Davacı tarafından, Karacaören 2 HES'in sadece üretim faaliyetinde bulunma yetkisinin kendilerine verildiği, bu nedenle talep edilen bedellerden sorumlu tutulmamaları gerektiği belirtilerek istemin reddi gerektiği savunulmuştur.

MADDİ OLAY:
MADDİ OLAY :
Burdur ili, Bucak ilçesi sınırları içerisindeki ormanlık alanda Karacaören-1 Baraj ve HES tesisleri yapımı için DSİ Genel Müdürlüğü adına 49 yıllığına enerji sulama ve taşkın koruma amacıyla Tarım ve Orman Bakanlığı oluru ile Orman Kanunu'nun 17/3 maddesine gereğince bedelsiz orman izni verilmiştir. 05/04/1984 tarihli taahhüt senedi imzalanıp davalıya teslim edilmiştir.
Enerji ve Tabii Kaynaklar Bakanlığının Orman Genel Müdürlüğüne yönelik ... tarihli ... sayılı yazısında, Karacaören II barajı ve HES için idarelerine verilen orman iznini idareleri ile ... Elektrik T.A.Ş. arasında imzalanan görev verilmesine ilişkin imtiyaz sözleşmesi kapsamında ... Elektrik T.A.Ş. tarafından kullanılmaktayken bu sözleşme anılan şirketin kusuru nedeniyle feshedilerek, 12/06/2003 tarih ve 2003-5712 sayılı Bakanlar Kurulu kararı ile yürürlükten kaldırıldığı, bu nedenle ... El. T.A.Ş. görev bölgesindeki üretim faaliyetlerinin Enerji ve Tabii Kaynaklar Bakanlığının ilgili şirketi olan EÜAŞ uhdesine geçtiği belirtilmiştir.
Davacı adına EPDK tarafından 04/04/2003 tarihinde Burdur ilinde kurulu Karacaören Hidroelektrik santrali için üretim lisansı düzenlenmiştir.
Davacı tarafından, DSİ Genel Müdürlüğü adına izinli bulunan 65.254,29 m2 lik Karacaören-1 HES in 16.091 m2 lik kısmına Özelleştirme Yüksek Kurulu'nun 22/02/2016 tarih ve 2016/17 tarihli kararı gereği üretim lisansı ile başvuruda bulunarak Karacaören-1 Hidroelektrik santralinin 16.091 m2 lik kısmının kendisine devri talep edilmiş

HUKUKİ DEĞERLENDİRME:
HUKUKİ DEĞERLENDİRME:
Dava konusu işlemin arazi izin bedeline ilişkin kısmı yönünden;
Bölge idare mahkemelerinin nihai kararlarının temyizen bozulması, 2577 sayılı İdari Yargılama Usulü Kanunu'nun 49. maddesinde yer alan sebeplerden birinin varlığı hâlinde mümkündür.
Temyizen incelenen karar usul ve hukuka uygun olup, dilekçede ileri sürülen temyiz nedenleri kararın bozulmasını gerektirecek nitelikte görülmemiştir.

Dava konusu işlemin ağaçlandırma bedeline ilişkin kısmı yönünden;
Orman Kanununun 17/3 ve 18 inci Maddelerinin Uygulama Yönetmeliğinin 9. maddesinde, arazi izin bedelinin her yıl diğer bedellerin izin başlangıcında bir defaya mahsus defaten alınacağının düzenlendiği, aynı Yönetmeliğin 18. maddesinde ise, izinlerin devredilmesi halinde bir defaya mahsus alınan bedellerin alınmayacağının düzenlendiği görülmektedir.
Uyuşmazlıkta, dava konusu orman izninin 2016 yılı öncesinde davacı adına devredilmeden DSİ Genel Müdürlüğü adına, bedelsiz olarak verildiği, anılan iznin 2016 yılından sonra bedelli hale geldiği, bu kapsamda ilk defa izin verildiği tarihte dava konusu izin nedeniyle ''alınmış'' bir ağaçlandırma bedeli bulunmadığından, davacı adına resmi izin verildiği tarihte geçerli olan birim fiyatlar üzerinden davacıdan ödenmesi istenilen ağaçlandırma bedelinin istenilmesine yönelik işlemde hukuka aykırılık bulunmamıştır.
Her ne kadar dava konusu işlemde, 16.091 m2 lik alan için ""2016 yılı öncesi ağaçlandırma bedeli"" ifadesine yer verilmişse de ilk derece Mahkemesinin ara kararına verilen cevaptan, izin devri istenilen orman izni için daha öncesinde ağaçlandırma bedeli ödendiğine dair belge bulunmadığı, ağaçlandırma bedeli hesabının, izin olurunun düzenlendiği 2016 yılı birim fiyatı üzerinden hesaplandığı anlaşılmaktadır.
Bu itibarla, davacıdan ağaçlandırma bedeli istenilmesine ilişkin kısmı yönünden verilen dava konusu işlemin iptali yolundaki idare mahkemesi kararına yönelik istinaf isteminin reddine ilişkin temyize konu Bölge İdare Mahkemesi kararında hukuki isabet bulunmamaktadır.

KARAR SONUCU:
KARAR SONUCU:
Açıklanan nedenlerle,
1. Temyiz isteminin kısmen kabulüne, kısmen reddine,
2. ... Bölge İdare Mahkemesi... İdari Dava Dairesinin ... tarih ve E:... K:... sayılı kararının
a) Dava konusu işlemin, 16.091 m2 lik kısmı için idarece istenilen ağaçlandırma bedeli yönünden verilen iptal kararının BOZULMASINA,
b) Dava konusu işlemin, 16.091 m2 lik kısmı için idarece istenilen 2016 yılı öncesi arazi izin bedeli yönünden verilen iptal kararının ONANMASINA,
3. Bozulan kısım hakkında yeniden karar verilmek üzere dosyanın anılan Bölge İdare Mahkemesine gönderilmesine,
4. Dava konusu işlemin 16.091 m2 lik kısmı için idarece davacıdan istenilen ağaçlandırma bedeli yönünden oybirliği ile 16.091 m2 lik kısmı için idarece davacıdan istenilen 2016 yılı öncesi arazi izin bedeli yönünden oyçokluğ","Davacı kamu kurumu tarafından, ormanlık alanda bulunan hidroelektrik santraline ilişkin 16.091 m²’lik alan için ağaçlandırma bedeli ile 2016 yılı öncesine ait arazi izin bedelinin tahsil edilmesine yönelik işlemin iptali talep edilmiştir. Davacı, söz konusu tesisin kullanım hakkını sonradan devraldığını ve talep edilen bedellerden sorumlu tutulamayacağını ileri sürerken, davalı idare alanın fiilen uzun yıllardır kullanıldığını ve bu nedenle ağaçlandırma ile izin bedellerinin ödenmesi gerektiğini savunmuştur. İlk derece mahkemesi, izin devrinde bir defaya mahsus alınan bedellerin yeniden talep edilemeyeceği ve davacı adına yapılan izin devrinden önceki dönem için arazi izin bedeli istenemeyeceği gerekçesiyle işlemi iptal etmiştir. Danıştay, arazi izin bedelinin izin başlangıç tarihinden itibaren alınabileceğini, davacı adına kesin izin devrinin 2016 yılında gerçekleştiğini belirterek 2016 öncesi dönem için arazi izin bedeli tahsil edilmesinde hukuka uygunluk bulunmadığı sonucuna ulaşmıştır. Buna karşılık, ağaçlandırma bedelinin izin başlangıcında bir defaya mahsus alınan bir bedel olduğunu ve dava konusu alan için daha önce böyle bir bedelin tahsil edildiğinin ortaya konulamadığını değerlendirmiştir. Mahkeme, izin devrinden önce bedelsiz olarak kullanılan alan bakımından daha önce alınmamış olan ağaçlandırma bedelinin, davacı adına izin verildiği tarihteki birim fiyatlar esas alınarak talep edilmesinin mevzuata uygun olduğunu kabul etmiştir. Bu nedenle ağaçlandırma bedeline ilişkin işlemin iptaline yönelik kararın hukuka uygun olmadığı sonucuna varılmıştır. Sonuç olarak, 2016 yılı öncesi arazi izin bedeline ilişkin iptal kararı onanmış, ağaçlandırma bedeline ilişkin iptal kararı ise bozulmuş ve dosya yeniden karar verilmek üzere ilgili mahkemeye gönderilmiştir."
cevre_1,cevre,cevre_1.txt,cevre_ozet_1.txt,"DAVA KONUSU:
Dava konusu istem: Davacı şirkete ait, Mersin ili, Erdemli ilçesi hudutları dahilinde bulunan Sicil:... sayılı II (b) grubu maden (mermer) işletme ruhsat sahası içinde kalan 140.091,09 m²'lik alanda maden işletme ve altyapı tesisi izni verilmesi istemiyle yapılan başvurunun reddine dair Orman Genel Müdürlüğü'nün ... tarih ve ... sayılı işleminin iptali istenilmiştir.

TEMYİZ İDDİALARI:
TEMYİZ EDENİN İDDİALARI : Davalı idare tarafından, Kurumlarının Harçlar Kanunu kapsamındaki harçlardan muaf oldukları, dava konusu işlemin hukuka uygun olduğu, orman alanlarına yapılacak madencilik faaliyetlerinde izin verme yetkisinin idarelerinin takdir yetkisi dahilinde olduğu, idarece de üstün kamu yararının söz konusu yerin orman olarak kullanılmasında görüldüğü ileri sürülmektedir.

KARŞI TARAF SAVUNMASI:
KARŞI TARAFIN SAVUNMASI : Davacı tarafından savunma verilmemiştir.

MADDİ OLAY:
MADDİ OLAY :
Mersin ili, Erdemli ilçesi hudutları dahilinde davacı şirket uhdesinde bulunan Sicil:... sayılı II (b) Grubu maden (mermer) işletme ruhsat sahasında maden işletme, tesis ve altyapı izni verilmesi istemli başvurunun, ... tarih ve ... sayılı Orman Genel Müdürlüğü İzin ve İrtifak Dairesi Başkanlığı işlemiyle yapılan nihai değerlendirmede söz konusu sahanın orman olarak kullanılmasında yarar görüldüğü, izin verilmesinde kamu yararı ve zarureti görülmediğinden talep uygun değerlendirilmediği gerekçesiyle reddine karar verilmesi ve bu işlemin Mersin Orman Bölge Müdürlüğünün ... tarih ve ... sayılı ve Erdemli Orman İşletme Müdürlüğünün ... tarih ve ... sayılı yazıları ile davacı şirkete tebliği üzerine anılan işlemin iptali istemiyle bakılan dava açılmıştır.

HUKUKİ DEĞERLENDİRME:
HUKUKİ DEĞERLENDİRME:
Uyuşmazlıkta, davacının, Mersin ili, Erdemli ilçesi hudutları dahilinde ve uhdesinde bulunan Sicil:... sayılı II (b) Grubu maden (mermer) işletme ruhsat sahasında maden işletme, tesis ve altyapı izni verilmesi istemli talebine ilişkin olarak, mevcutta alınan ilk izin alanında devam eden madencilik faaliyetleri sırasında madenin cevher yönünün dava konusu talep edilen izin alanına doğru çıktığı, stok sahası, toprak depolama alanı ve pasa döküm sahasına ihtiyaç duyulduğu, madenin niteliği itibarıyla ülke ekonomisine önemli ölçüde katkı sağlayacağı iddialarında bulunulduğu, uyuşmazlığın çözümlenebilmesi için izin talep edilen sahanın verimli devlet ormanına isabet edip etmediği hususu başta olmak üzere, tarafların iddiaları ve madencilik yapılması halinde yaşanacak orman kaybının, orman varlığının azalmasının, kesilecek ağaç sayısının, orman bütünlüğü gözetilerek, orman kaybı ile madencilik faaliyeti nedeniyle elde edilecek ekonomik ve diğer faydalar arasında kıyaslama yapılması ve belirtilen hususların netleştirilebilmesi bakımından Mahkemesince keşif ve bilirkişi incelemesi yapılarak değerlendirilmesi gerektiği sonucuna ulaşıldığından eksik inceleme sonucunda verilen dava konusu işlemin iptali yönündeki ... İdare Mahkemesi kararına yönelik istinaf isteminin reddine ilişkin temyize konu Bölge İdare Mahkemesi kararında hukuki isabet bulunmamaktadır.

KARAR SONUCU:
KARAR SONUCU:
Açıklanan nedenlerle;
1. 2577 sayılı Kanun'un 49. maddesine uygun bulunan temyiz isteminin kabulüne,
2. ... Bölge İdare Mahkemesi ... İdari Dava Dairesinin ... tarih ve E:..., K:... sayılı kararının BOZULMASINA,
3. Yeniden bir karar verilmek üzere dosyanın yukarıda belirtilen Bölge İdare Mahkemesi İdari Dava Dairesine gönderilmesine,
4. Kesin olarak 17/12/2025 tarihinde oybirliği ile karar verildi.","Davacı şirket tarafından, işletme ruhsatına sahip olduğu mermer sahası içerisinde kalan ormanlık alanda maden işletme ve altyapı tesisi izni verilmesi istemiyle yapılan başvurunun reddine ilişkin işlemin iptali talep edilmiştir. Davacı, mevcut faaliyet alanında maden cevherinin talep edilen bölgeye doğru uzandığını, stok, pasa ve toprak depolama sahalarına ihtiyaç duyulduğunu ve madencilik faaliyetinin ülke ekonomisine katkı sağlayacağını ileri sürmüştür. Davalı idare ise orman alanlarında madencilik faaliyetlerine izin verilmesinin takdir yetkisi kapsamında bulunduğunu ve üstün kamu yararının alanın orman olarak korunmasında olduğunu savunmuştur. İlk derece mahkemesi, ilgili teknik raporlarda izin verilmesinde sakınca bulunmadığının ve kamu yararı bulunduğunun belirtildiğini, buna rağmen ret işlemini haklı gösterecek somut gerekçelerin ortaya konulamadığını değerlendirerek dava konusu işlemi iptal etmiştir. İstinaf başvurusu da reddedilmiştir. Danıştay, uyuşmazlığın çözümü için izin talep edilen alanın verimli devlet ormanı niteliği, madencilik faaliyetinin yol açacağı orman kaybı, kesilecek ağaç sayısı ve ekonomik faydalar ile çevresel etkilerin karşılaştırmalı olarak değerlendirilmesi gerektiğini belirtmiştir. Bu hususların açıklığa kavuşturulabilmesi için keşif ve bilirkişi incelemesi yapılmasının zorunlu olduğu, ancak eksik inceleme ile karar verildiği sonucuna ulaşmıştır. Bu nedenle Bölge İdare Mahkemesi kararının bozulmasına ve dosyanın yeniden karar verilmek üzere ilgili mahkemeye gönderilmesine karar verilmiştir."
sosyal_guvenlik_2,sosyal_guvenlik,sosyal_guvenlik_2.txt,sosyal_guvenlik_ozet_2.txt,"DAVA KONUSU:
Dava konusu istem: 27/03/2002 tarih ve 24708 sayılı Resmî Gazete’de yayımlanan Özel Hastaneler Yönetmeliği'nin, 06/10/2022 tarih ve 31975 sayılı Resmî Gazete'de yayımlanan Özel Hastaneler Yönetmeliğinde Değişiklik Yapılmasına Dair Yönetmeliğin 3. maddesi ile değiştirilen ek 5. maddesinin birinci fıkrasının (ı) bendi ile anılan değişikliğin 5. ve 6. maddelerinin iptali istenilmiştir.

TEMYİZ İDDİALARI:
TEMYİZ EDENİN İDDİALARI : Davalı idare tarafından, davaya konu düzenlemenin üst hukuk normlarına, kamu yararına ve hizmet gereklerine uygun olarak tesis edildiği, hukuka aykırı ve iptalini gerektirecek bir yönünün bulunmadığı, temyize konu kararın iptale ilişkin kısımlarının bozulması gerektiği ileri sürülmektedir.

KARŞI TARAF SAVUNMASI:
KARŞI TARAFIN SAVUNMASI : Davacı tarafından, savunma verilmemiştir.

MADDİ OLAY:
MADDİ OLAY :
27/03/2002 tarih ve 24708 sayılı Resmî Gazete’de yayımlanan Özel Hastaneler Yönetmeliği'nin ""Özel hastanenin kalite ve verimliliğini artırmak amacıyla izin verilebilecek hususlar"" başlıklı ek 5. maddesinin birinci fıkrasının -22/03/2017 tarih ve 30015 sayılı Resmî Gazete'de yayımlanan Özel Hastaneler Yönetmeliğinde Değişiklik Yapılmasına Dair Yönetmeliğin 36. maddesi ile değişik- (ı) bendi;
""1219 sayılı Kanunun 12 nci maddesine uygun olmak kaydıyla mesleğini serbest olarak icra eden hekimler muayenehanesine müracaat eden hastalarının teşhis ve tedavisini özel hastanelerde yapabilirler. Hastaya sunulan teşhis ve tedavi hizmetlerinden muayenehane hekimi ve özel hastane müştereken sorumludur. Bu durumdaki hastalar, hastanedeki tedavi masraflarının kendileri tarafından karşılanacağı hususunda bilgilendirilir ve buna ilişkin rıza formu hastaya veya kanuni temsilcisine imzalatılır. Bu hekimlere hizmet sunan hastanenin mesul müdürü her ay sonu itibariyle tedavi edilen hasta sayısı ve hekim ismi ile rıza formunu müdürlüğe bildirir. Ayrıca bu şekilde tedavi gören hastalara ayrıntılı fatura düzenlenir."" şeklinde iken,
06/10/2022 tarih ve 31975 sayılı Resmî Gazete'de yayımlanan Özel Hastaneler Yönetmeliğinde Değişiklik Yapılmasına Dair Yönetmeliğin 3. maddesi ile,
""Muayenehanesi bulunan hekimler, 1219 sayılı Kanunun 12 nci maddesinin üçüncü fıkrası gereğince hizmet bedeli hasta tarafından karşılanmak ve Sosyal Güvenlik Kurumundan talep edilmemek kaydıyla, muayenehanesine mü

HUKUKİ DEĞERLENDİRME:
HUKUKİ DEĞERLENDİRME:
Yönetmeliğin 3. maddesi ile değiştirilen Özel Hastaneler Yönetmeliği'nin ek 5. maddesinin birinci fıkrasının (ı) bendinin birinci cümlesinde yer alan ""...yıllık sözleşme yapmak suretiyle ilgili branşta boş uzman hekim kadrosu olması halinde ..."" ibaresi ile aynı bendin ikinci, üçüncü ve dördüncü cümleleri yönünden;
Yönetmeliğin dava konusu kısımlarında, mesleğini serbest olarak icra eden hekimlerin muayenehanesine müracaat eden hastaların teşhis ve tedavilerini özel hastanelerde yapabilmeleri, hekim ile özel hastane arasında yıllık sözleşme yapılması ve hastanenin ilgili branşta boş uzman hekim kadrosu bulunması şartlarına bağlanmış, hastanenin boş uzman hekim kadrosunun olmaması durumunda, ruhsatında veya faaliyet izin belgesinde kayıtlı uzman hekim branşlarındaki toplam kadro sayısının %15’ine kadar uzman hekimle sözleşme imzalanabileceği, aynı branşta birden fazla hekimle sözleşme imzalanmak istenmesi durumunda ise, ilgili branşın toplam kadro sayısının üçte birinden fazla uzman hekim ile sözleşme imzalanamayacağı, yapılan sözleşmenin taraflarca imzalanmış nüshasının ise, özel hastane tarafından SKYS’ye ekleneceği ve müdürlüğe gönderileceği düzenlenmiştir.
Her ne kadar dava devam ederken, dava konusu düzenlemelerde bir takım değişikliklere gidilmiş ise de, muayenehaneye başvuran hastaların teşhis ve tedavilerinin özel hastanelerde yapılabilmesi için getirilen kısıtlamaların benzer şekilde devam ettiği, davacının hukuka aykırılık iddialarının ortadan kalkmadığı, anılan değişikliklerin dava konusu düzenlemelerin hukuka uygunluk denetimine engel teşkil etmediği anlaşıldığından, işin esasının incelenmesi gerekmektedir.
1219 sayılı Kanun'un 12. maddesi uyarınca, tabip, diş tabibi ve tıpta uzmanlık mevzuatına göre uzman olanların, Sağlık Bakanlığınca yapılan istihdam planlamaları çerçevesinde ve anılan maddenin ikinci fıkrasının her bir bendi kapsamında olmak kaydıyla, birden fazla sağlık kurum ve kuruluşunda çalışabilme hakkına sahip oldukları, bunlardan mesleğini serbest olarak icra edenlerin, hizmet bedeli hasta tarafından karşılanmak ve Sosyal Güvenlik Kurumundan talep edilmemek kaydıyla, Sosyal Güvenlik Kurumu ve kamu kurumları ile sözleşmeli çalışan özel sağlık kurum ve kuruluşları ve vakıf üniversitelerinde de hastalarının teşhis ve tedavisini yapabilecekleri açıktır.
Bununla birlikte, 3359 sayılı Sağlık Hizmetleri Temel Kanunu'nun 3. maddesi, 1 sayılı Cumhurbaşkanlığı Kararnamesi'nin 355. maddesi ve bu düzenlemelere dayanılarak çıkarılan Özel Hastaneler Yönetmeliği hükümleri uyarınca Sağlık Bakanlığının, mevcut sağlık insan gücünü, kamu ve özel kurum ve kuruluşlar düzeyinde planlamaya ve istihdamın bu plan çerçevesinde yürütülmesini sağlamaya ve bunu denetlemeye yetkili olduğu hususu yerleşik Danıştay içtihatları ile sabittir.
Diğer yandan, Sağlık Bakanlığının sağlık insan gücünü planlama yetkisine ilişkin olarak, anılan mevzuat hükümlerinin yanı sıra, hekimlerin birden fazla yerde çalışabilmelerine ve mesleğini serbest

KARAR SONUCU:
KARAR SONUCU:
Açıklanan nedenlerle;
1. Davalı idarenin temyiz isteminin kabulüne,
2. Yukarıda özetlenen gerekçeyle kısmen davanın reddine, kısmen dava konusu düzenlemenin iptaline ilişkin, Danıştay Onuncu Dairesinin temyize konu 27/12/2024 tarih ve E:2022/7784, K:2024/7185 sayılı kararının iptale ilişkin kısımlarının BOZULMASINA,
3. Bozulan kısımlar yönünden yeniden bir karar verilmek üzere dosyanın anılan Daireye gönderilmesine,
4. Kesin olarak, 22/12/2025 tarihinde, oyçokluğu ile karar verildi.","Davacı tarafından, Özel Hastaneler Yönetmeliği’nde yapılan değişikliklerle muayenehanesi bulunan hekimlerin hastalarını özel hastanelerde tedavi edebilmesinin yıllık sözleşme yapılması, boş uzman hekim kadrosu bulunması, belirli kota sınırlamalarına uyulması ve bu sözleşmelerin idareye bildirilmesi şartlarına bağlanmasına ilişkin düzenlemeler ile bunlara bağlı yükümlülük ve yaptırım hükümlerinin iptali talep edilmiştir. Davalı idare, söz konusu düzenlemelerin sağlık insan gücünün planlanması, sağlık hizmetlerinin etkin ve dengeli sunulması, hasta ve hekimlerin denetlenmesi ile olası suistimallerin önlenmesi amacıyla tesis edildiğini savunmuştur. İlk derece incelemesini yapan Danıştay Dairesi, yıllık sözleşme, boş kadro ve kota sınırlamalarının somut bilimsel verilere dayandırılmadığı gerekçesiyle ilgili düzenlemeleri iptal etmiştir. Ancak Danıştay İdari Dava Daireleri Kurulu, Sağlık Bakanlığının sağlık hizmetlerinin planlanması ve sağlık insan gücünün dağılımının düzenlenmesi konusunda kanundan kaynaklanan geniş yetkilere sahip olduğunu değerlendirmiştir. Kurul, dava konusu düzenlemelerin planlamanın işlevsiz kalmasını önleme, istihdamda belirlilik sağlama, hasta ve hekimlerin takibini mümkün kılma ve sağlık hizmetlerinin disiplinli şekilde yürütülmesini temin etme amacına hizmet ettiğini kabul etmiştir. Bu nedenle yıllık sözleşme yapılması, boş uzman hekim kadrosu şartı, kota uygulamaları ve sözleşmelerin bildirilmesine ilişkin kuralların üst hukuk normlarına, kamu yararına ve hizmet gereklerine aykırı olmadığı sonucuna ulaşılmıştır. Ayrıca bu düzenlemelere bağlı olarak getirilen sözleşme ibrazı ve yaptırım hükümlerinin de yeniden değerlendirilmesi gerektiği belirtilmiştir. Sonuç olarak, davalı idarenin temyiz istemi kabul edilmiş, iptal kararı verilen düzenlemelere ilişkin hüküm bozulmuş ve dosya yeniden karar verilmek üzere ilgili Daireye gönderilmiştir."
disiplin_2,disiplin,disiplin_2.txt,disiplin_ozet_2.txt,"DAVA KONUSU:
Dava konusu istem: 27/03/2002 tarih ve 24708 sayılı Resmî Gazete’de yayımlanan Özel Hastaneler Yönetmeliği'nin, 06/10/2022 tarih ve 31975 sayılı Resmî Gazete'de yayımlanan Özel Hastaneler Yönetmeliğinde Değişiklik Yapılmasına Dair Yönetmeliğin 3. maddesi ile değiştirilen ek 5. maddesinin birinci fıkrasının (ı) bendi ile anılan değişikliğin 5. ve 6. maddelerinin iptali istenilmiştir.

TEMYİZ İDDİALARI:
TEMYİZ EDENİN İDDİALARI : Davalı idare tarafından, davaya konu düzenlemenin üst hukuk normlarına, kamu yararına ve hizmet gereklerine uygun olarak tesis edildiği, hukuka aykırı ve iptalini gerektirecek bir yönünün bulunmadığı, temyize konu kararın iptale ilişkin kısımlarının bozulması gerektiği ileri sürülmektedir.

KARŞI TARAF SAVUNMASI:
KARŞI TARAFIN SAVUNMASI : Davacı tarafından, savunma verilmemiştir.

MADDİ OLAY:
MADDİ OLAY :
27/03/2002 tarih ve 24708 sayılı Resmî Gazete’de yayımlanan Özel Hastaneler Yönetmeliği'nin ""Özel hastanenin kalite ve verimliliğini artırmak amacıyla izin verilebilecek hususlar"" başlıklı ek 5. maddesinin birinci fıkrasının -22/03/2017 tarih ve 30015 sayılı Resmî Gazete'de yayımlanan Özel Hastaneler Yönetmeliğinde Değişiklik Yapılmasına Dair Yönetmeliğin 36. maddesi ile değişik- (ı) bendi;
""1219 sayılı Kanunun 12 nci maddesine uygun olmak kaydıyla mesleğini serbest olarak icra eden hekimler muayenehanesine müracaat eden hastalarının teşhis ve tedavisini özel hastanelerde yapabilirler. Hastaya sunulan teşhis ve tedavi hizmetlerinden muayenehane hekimi ve özel hastane müştereken sorumludur. Bu durumdaki hastalar, hastanedeki tedavi masraflarının kendileri tarafından karşılanacağı hususunda bilgilendirilir ve buna ilişkin rıza formu hastaya veya kanuni temsilcisine imzalatılır. Bu hekimlere hizmet sunan hastanenin mesul müdürü her ay sonu itibariyle tedavi edilen hasta sayısı ve hekim ismi ile rıza formunu müdürlüğe bildirir. Ayrıca bu şekilde tedavi gören hastalara ayrıntılı fatura düzenlenir."" şeklinde iken,
06/10/2022 tarih ve 31975 sayılı Resmî Gazete'de yayımlanan Özel Hastaneler Yönetmeliğinde Değişiklik Yapılmasına Dair Yönetmeliğin 3. maddesi ile,
""Muayenehanesi bulunan hekimler, 1219 sayılı Kanunun 12 nci maddesinin üçüncü fıkrası gereğince hizmet bedeli hasta tarafından karşılanmak ve Sosyal Güvenlik Kurumundan talep edilmemek kaydıyla, muayenehanesine mü

HUKUKİ DEĞERLENDİRME:
HUKUKİ DEĞERLENDİRME:
Yönetmeliğin 3. maddesi ile değiştirilen Özel Hastaneler Yönetmeliği'nin ek 5. maddesinin birinci fıkrasının (ı) bendinin birinci cümlesinde yer alan ""...yıllık sözleşme yapmak suretiyle ilgili branşta boş uzman hekim kadrosu olması halinde ..."" ibaresi ile aynı bendin ikinci, üçüncü ve dördüncü cümleleri yönünden;
Yönetmeliğin dava konusu kısımlarında, mesleğini serbest olarak icra eden hekimlerin muayenehanesine müracaat eden hastaların teşhis ve tedavilerini özel hastanelerde yapabilmeleri, hekim ile özel hastane arasında yıllık sözleşme yapılması ve hastanenin ilgili branşta boş uzman hekim kadrosu bulunması şartlarına bağlanmış, hastanenin boş uzman hekim kadrosunun olmaması durumunda, ruhsatında veya faaliyet izin belgesinde kayıtlı uzman hekim branşlarındaki toplam kadro sayısının %15’ine kadar uzman hekimle sözleşme imzalanabileceği, aynı branşta birden fazla hekimle sözleşme imzalanmak istenmesi durumunda ise, ilgili branşın toplam kadro sayısının üçte birinden fazla uzman hekim ile sözleşme imzalanamayacağı, yapılan sözleşmenin taraflarca imzalanmış nüshasının ise, özel hastane tarafından SKYS’ye ekleneceği ve müdürlüğe gönderileceği düzenlenmiştir.
Her ne kadar dava devam ederken, dava konusu düzenlemelerde bir takım değişikliklere gidilmiş ise de, muayenehaneye başvuran hastaların teşhis ve tedavilerinin özel hastanelerde yapılabilmesi için getirilen kısıtlamaların benzer şekilde devam ettiği, davacının hukuka aykırılık iddialarının ortadan kalkmadığı, anılan değişikliklerin dava konusu düzenlemelerin hukuka uygunluk denetimine engel teşkil etmediği anlaşıldığından, işin esasının incelenmesi gerekmektedir.
1219 sayılı Kanun'un 12. maddesi uyarınca, tabip, diş tabibi ve tıpta uzmanlık mevzuatına göre uzman olanların, Sağlık Bakanlığınca yapılan istihdam planlamaları çerçevesinde ve anılan maddenin ikinci fıkrasının her bir bendi kapsamında olmak kaydıyla, birden fazla sağlık kurum ve kuruluşunda çalışabilme hakkına sahip oldukları, bunlardan mesleğini serbest olarak icra edenlerin, hizmet bedeli hasta tarafından karşılanmak ve Sosyal Güvenlik Kurumundan talep edilmemek kaydıyla, Sosyal Güvenlik Kurumu ve kamu kurumları ile sözleşmeli çalışan özel sağlık kurum ve kuruluşları ve vakıf üniversitelerinde de hastalarının teşhis ve tedavisini yapabilecekleri açıktır.
Bununla birlikte, 3359 sayılı Sağlık Hizmetleri Temel Kanunu'nun 3. maddesi, 1 sayılı Cumhurbaşkanlığı Kararnamesi'nin 355. maddesi ve bu düzenlemelere dayanılarak çıkarılan Özel Hastaneler Yönetmeliği hükümleri uyarınca Sağlık Bakanlığının, mevcut sağlık insan gücünü, kamu ve özel kurum ve kuruluşlar düzeyinde planlamaya ve istihdamın bu plan çerçevesinde yürütülmesini sağlamaya ve bunu denetlemeye yetkili olduğu hususu yerleşik Danıştay içtihatları ile sabittir.
Diğer yandan, Sağlık Bakanlığının sağlık insan gücünü planlama yetkisine ilişkin olarak, anılan mevzuat hükümlerinin yanı sıra, hekimlerin birden fazla yerde çalışabilmelerine ve mesleğini serbest

KARAR SONUCU:
KARAR SONUCU:
Açıklanan nedenlerle;
1. Davalı idarenin temyiz isteminin kabulüne,
2. Yukarıda özetlenen gerekçeyle kısmen davanın reddine, kısmen dava konusu düzenlemenin iptaline ilişkin, Danıştay Onuncu Dairesinin temyize konu 27/12/2024 tarih ve E:2022/7784, K:2024/7185 sayılı kararının iptale ilişkin kısımlarının BOZULMASINA,
3. Bozulan kısımlar yönünden yeniden bir karar verilmek üzere dosyanın anılan Daireye gönderilmesine,
4. Kesin olarak, 22/12/2025 tarihinde, oyçokluğu ile karar verildi.","Davacı tarafından, Özel Hastaneler Yönetmeliği’nde yapılan değişikliklerle muayenehanesi bulunan hekimlerin hastalarını özel hastanelerde tedavi edebilmesinin yıllık sözleşme yapılması, boş uzman hekim kadrosu bulunması ve belirli kota sınırlamalarına tabi tutulmasına ilişkin düzenlemeler ile bunlara bağlı yükümlülük ve yaptırım hükümlerinin iptali istenmiştir. Davalı idare, sağlık insan gücünün planlanması, sağlık hizmetlerinin etkin ve dengeli sunulması, hasta takibi ve denetimin sağlanması amacıyla söz konusu düzenlemelerin kamu yararı ve hizmet gerekleri doğrultusunda tesis edildiğini savunmuştur. İlk derece incelemesini yapan Danıştay Dairesi, getirilen sözleşme zorunluluğu ve kota sınırlamalarının herhangi bir bilimsel çalışmaya dayandırılmadığı, somut verilerle desteklenmediği gerekçesiyle ilgili düzenlemelerin iptaline karar vermiştir. Ancak Danıştay İdari Dava Daireleri Kurulu, Sağlık Bakanlığının sağlık insan gücünü planlama ve sağlık hizmetlerini düzenleme konusunda kanunlardan kaynaklanan geniş bir yetkiye sahip olduğunu değerlendirmiştir. Kurul, dava konusu düzenlemelerin sağlık hizmetlerinin planlı yürütülmesi, istihdamda belirliliğin sağlanması, hasta ve hekimlerin izlenmesi ile olası suistimallerin önlenmesi amaçlarına hizmet ettiğini kabul etmiştir. Bu nedenle yıllık sözleşme yapılması, boş kadro şartı, kota uygulamaları ve sözleşmelerin bildirilmesine ilişkin kuralların üst hukuk normlarına, kamu yararına ve hizmet gereklerine aykırı olmadığı sonucuna ulaşılmıştır. Kurul ayrıca, bu düzenlemelere bağlı olarak getirilen sözleşme ibrazı ve yaptırım hükümlerinin de yeniden değerlendirilmesi gerektiğini belirtmiştir. Sonuç olarak, davalı idarenin temyiz istemi kabul edilmiş, iptal kararı verilen düzenlemelere ilişkin hüküm bozulmuş ve dosya yeniden karar verilmek üzere ilgili Daireye gönderilmiştir."
egitim_4,egitim,egitim_4.txt,egitim_ozet_4.txt,"Danıştay 5. Daire Başkanlığı 2026/457 E. , 2026/625 K.

""İçtihat Metni""
T.C.
D A N I Ş T A Y
BEŞİNCİ DAİRE
Esas No : 2026/457
Karar No : 2026/625

YETKİLİ YARGI YERİNİN BELİRLENMESİ KARARI

Milli Eğitim Bakanlığı bünyesinde Türkçe öğretmeni olarak görev yapmakta iken 672 sayılı Kanun Hükmünde Kararname (KHK) ile kamu görevinden çıkarılan ve Olağanüstü Hal (OHAL) İşlemleri İnceleme Komisyonu kararıyla göreve iade edilen davacı ... vekili Av. ... tarafından, müvekkilinin kamu görevinden çıkarılması nedeniyle uğramış olduğu manevi zararlara karşılık 150.000,00-TL manevi tazminatın yasal faiziyle birlikte ödenmesine karar verilmesi istemiyle Milli Eğitim Bakanlığına karşı açılan davada verilen Ankara 4. İdare ve Kahramanmaraş 3. İdare Mahkemelerinin davanın yetki yönünden reddine dair kararları sonucunda, anılan iki Mahkeme arasında çıkan yetki uyuşmazlığı 2577 sayılı İdari Yargılama Usulü Kanunu'nun 43. maddesinin 1. fıkrasının (b) bendi uyarınca incelenerek gereği görüşüldü:
2577 sayılı İdari Yargılama Usulü Kanunu'nun ""Tam Yargı Davalarında Yetki"" başlıklı 36. maddesinin ""a"" bendinde, tam yargı davalarında yetkili mahkemenin zararı doğuran idari uyuşmazlığı çözümlemeye yetkili idari mahkemesi olduğuna ilişkin genel yetki kuralı yer almakta olup, aynı Kanun'un 33. maddesinde kamu görevlileri ile ilgili davalarda yetki kuralı açıklanmış ve anılan maddenin 3. fıkrasında uyuşmazlığın kamu görevlisinin özlük ve parasal haklarına ilişkin olması durumunda yetkili mahkemenin ilgilinin görevli bulunduğu yer mahkemesi olduğu kurala bağlanmıştır. 01/02/2018 tarih ve 7075 sayılı OHAL İşlemleri İnceleme Komisyonu Kurulması Hakkında Kanun Hükmünde Kararnamenin Değiştirilerek Kabul Edilmesine Dair Kanun'un 1. maddesinde ise, başka bir idari işlem tesis edilmeksizin doğrudan KHK ile tesis edilen işlemlere ilişkin başvuruları değerlendirmek ve karara bağlamak üzere OHAL İşlemleri İnceleme Komisyonu kurulduğu, OHAL İşlemleri İnceleme Komisyonu kararlarının uygulanmasını düzenleyen ""Kararların uygulanması"" başlıklı 10. maddesinin birinci fıkrasının son cümlesinde, Komisyon kararıyla göreve başlayanlara, kamu görevinden çıkarılmalarını takip eden aybaşından göreve başladıkları tarihe kadar geçen süreye tekabül eden mali ve sosyal haklarının ödeneceği, anılan Kanun'un ""Yargı denetimi"" başlıklı 11. maddesinin 1. fıkrasında da, Komisyon kararlarına karşı Hâkimler ve Savcılar Kurulunca belirlenecek Ankara idare mahkemelerinde ilgilinin en son görev yaptığı kurum veya kuruluş aleyhine iptal davası açılabileceği hükme bağlanmıştır.
Söz konusu uyuşmazlığın çözümlenebilmesi için öncelikle 2577 sayılı Kanun'un 36/a maddesinde yer alan tam yargı davalarındaki genel yetki kuralı uyarınca zararı doğuran idari uyuşmazlığın tespitinin yapılması, daha sonra da 2577 sayılı Kanun ve özel kanunlardaki hükümlere göre bu idari uyuşmazlığı çözümlemeye yetkili idare mahkemesinin belirlenmesi gerekmektedir.
KHK eki listelerde ismine yer verilmek suretiyle kamu görevinden çıkartılanlardan göreve iade edilenlerin parasal ve özlük hakları, 7075 sayılı Kanun'un 10. maddesi uyarınca Komisyon kararını uygulamakla yükümlü idare tarafından mali ve sosyal haklar kapsamında Kanun gereği ödenmektedir. Bu hakların ödenmesine ilişkin ortaya çıkan uyuşmazlıkların çözümlenmesi amacıyla açılan davalarda zararı doğuran işlem idare tarafından Komisyon kararı sonrası tesis edilen işlem olup bu sebeple uğranılan zararların kamu görevinden çıkarma ile illiyet bağı kesildiğinden, uyuşmazlığın çözümünd","Davacı tarafından, Kanun Hükmünde Kararname ile kamu görevinden çıkarılması nedeniyle uğradığını ileri sürdüğü manevi zararların tazmini istemiyle açılan davada hangi idare mahkemesinin yetkili olduğunun belirlenmesi talep edilmiştir. Davacı, Türkçe öğretmeni olarak görev yapmakta iken kamu görevinden çıkarıldığını, daha sonra OHAL İşlemleri İnceleme Komisyonu kararıyla görevine iade edildiğini ve bu süreçte uğradığı manevi zararların tazmin edilmesi gerektiğini ileri sürmüştür. Ankara ve Kahramanmaraş İdare Mahkemeleri davayı yetki yönünden reddetmiş, bunun üzerine mahkemeler arasında yetki uyuşmazlığı ortaya çıkmıştır. Danıştay, tam yargı davalarında yetkinin belirlenebilmesi için öncelikle zarara neden olan idari işlemin tespit edilmesi gerektiğini değerlendirmiştir. Mahkeme, davacının talep ettiği manevi zararın kaynağının OHAL Komisyonu kararının uygulanmasına ilişkin işlemler değil, doğrudan Kanun Hükmünde Kararname ile kamu görevinden çıkarılması işlemi olduğunu belirtmiştir. Ayrıca, göreve iade edilen kişilere kanun gereği ödenen mali ve sosyal haklar dışında kalan maddi ve manevi zararların tazmini taleplerinin, kamu görevinden çıkarma işlemine ilişkin uyuşmazlığı çözmeye yetkili mahkemelerce incelenmesi gerektiğini vurgulamıştır. Bu nedenle, OHAL İşlemleri İnceleme Komisyonu kararıyla göreve iade edilen davacının manevi tazminat isteminden kaynaklanan uyuşmazlığın çözümünde özel yetkili Ankara İdare Mahkemelerinin görevli olduğu sonucuna ulaşılmıştır. Sonuç olarak, davanın görüm ve çözümünde Ankara İdare Mahkemelerinin yetkili olduğuna karar verilmiş ve dosyanın bu mahkemelere gönderilmesine hükmedilmiştir."
cevre_2,cevre,cevre_2.txt,cevre_ozet_2.txt,"DAVA KONUSU:

TEMYİZ İDDİALARI:
DAVACININ İDDİALARI : Davacı şirketin dört (4) il otogarı olmak üzere altı (6) otogarda karayolu ile yolcu taşımacılığı terminal işletmeciliğinde faaliyet gösterdiği, 5393 sayılı Belediye Kanunun ‘’Belediyelerin Yetkileri ve İmtiyazları’’ başlıklı 15/1-(j) maddesinde yer alan ‘’Toptancı ve perakendeci halleri, otobüs terminali, fuar alanı, mezbaha ilgili mevzuata göre yat limanı ve iskele kurmak, kurdurmak, işletmek, işlettirmek veya bu yerlerin gerçek ve tüzel kişilerce açılmasına izin vermek’’ hükmü uyarınca tüm faaliyetlerini ruhsatı bir şekilde sürdürmekte olduğunu, dava konusu Ulaştırma Ve Altyapı Bakanlığı IX.Bölge Müdürlüğünün 25/03/2022 tarih ve 251477 sayılı ve ‘’ T1 ve T2 yetki belgesi hakkında’’ konulu tebliğin (b), (c) ve (d) bentleri içeriğinde bildirilen fiş ve benzeri tahsil belgelerine otobüs plakasının yazılması hususunun öncelikle mevcut teknolojik altyapılarının ve makine demirbaşlarının yetersiz olması anılan cihaz ve teknolojilerin satın alınması gerektiği, dava konusu genel yazının öncelikle 10 gün içerisinde uyulmasının imkansız olduğu, ayrıca Karayolu Taşıma Kanunu ve Karayolu Taşıma Yönetmeliklerinde bu yönde hiçbir emir veya talimat bulunmadığı gibi termin

KARŞI TARAF SAVUNMASI:

MADDİ OLAY:
MADDİ OLAY :
Davacı şirketin 4 il otogarı olmak üzere 6 otogarda karayolu ile yolcu taşımacılığı terminal işletmeciliğinde faaliyet gösterdiği, dava konusu Ulaştırma ve Altyapı Bakanlığı'nın 21/03/2022 tarih ve 116858 sayılı Bakanlık Olur'una istinaden, Ulaştırma ve Altyapı Bakanlığı IX. Bölge Müdürlüğü'nün ""T1 ve T2 yetki belgesi hakkında"" konulu 25/03/2022 tarih ve 251477sayılı genel yazısı ile taraflarına tebliğ edilen ve uygulanacağı belirtilen (b), (c) ve (d) bentleri içeriğinde bildirilen fiş ve benzeri tahsil belgelerine otobüs plakasının yazılması hususunun öncelikle mevcut teknolojik altyapılarının ve makine demirbaşlarının yetersiz olması anılan cihaz ve teknolojilerin satın alınması gerektiği, dava konusu genel yazının öncelikle 10 gün içerisinde uyulmasının imkansız olduğu, ayrıca Karayolu Taşıma Kanunu ve Karayolu Taşıma Yönetmeliklerinde bu yönde hiçbir emir veya talimat bulunmadığı gibi terminal işletmecileri için aranan asgari şartlar arasında da böyle bir teknoloji öngörülmediği, belirlenen düzenlemelere uyulmaması halinde de uyarma idari yaptırımı ile maruz kalınacağından hukuka aykırı olduğu iddia edilerek iptali istemiyle dava açıldığı anlaşılmaktadır.
İptali istenilen Ulaştırma ve Altyapı Bakanlığı'nın 21/03/2022 tarih ve 116858 sayılı Bakanlık Olur'una istinaden, Ulaştırma ve Altyapı Bakanlığı IX. Bölge Müdürlüğü'nün ""T1 ve T2 yetki belgesi hakkında"" konulu 25/03/2022 tarih ve 251477 sayılı Tebliğde;‘’….Dünya Sağlık Örgütü tarafından pandemi ilan edilen

HUKUKİ DEĞERLENDİRME:
HUKUKİ DEĞERLENDİRME:
Anayasa'nın 124. maddesinde ""Cumhurbaşkanı, bakanlıklar ve kamu tüzel kişileri, kendi görev alanlarını ilgilendiren kanunların ve tüzüklerin uygulanmasını sağlamak üzere ve bunlara aykırı olmamak şartıyla, yönetmelikler çıkarabilirler. Hangi yönetmeliklerin Resmi Gazete'de yayımlanacağı kanunda belirtilir."" hükmü, idarenin düzenleme yetkisinin Anayasal dayanağını oluşturmaktadır.
İdarenin yönetmelik, tebliğ vb. düzenleyici işlem tesis etme yetkisinin aslında ikincil nitelikte olduğu hususunda bir duraksama bulunmamaktadır. Anayasa'ya göre, idarenin, düzenleme yetkisini kanunlar çerçevesinde ve kanunlara uygun olarak kullanması gereklidir.
Kanun koyucu tarafından idareye tanınan düzenleme yetkisinin başta kamu yararı olmak üzere hizmet gereklerine, hukuk devleti, hukuk güvenliği ve kazanılmış haklara riayet ilkelerine uygun olarak kullanılması gerekmektedir.
Kamu yararı kavramı, tüm devlet organlarının işlem ve eylemlerinin genel nitelikteki amacını ve aynı zamanda nedenini oluşturmakta, çeşitli hak ve özgürlükler açısından bir sınırlama nedeni niteliği de taşımakta olup, bu kavram genel bir ifadeyle bireysel, özel çıkarlardan ayrı ve bunlara üstün olan toplumsal yararı ifade etmektedir.
Normlar hiyerarşisi olarak bilinen temel hukuk ilkesine göre, normlar arasında altlık ve üstlük ilişkisi söz konusu olmakta ve her norm geçerliliğini bir üst hukuk normundan almaktadır.
Başka bir anlatımla normlar hiyerarşisi, her türlü normun hiyerarşik olarak bir sıra dahilinde sıralanması ve birbirine bağlı olması anlamına gelmekte olup; bunun doğal sonucu olarak, hiyerarşik sıralamada daha altta yer alan normun, kendisinden üstte bulunan norma aykırı hükümler içeremeyeceği, bir başka deyişle alt norm niteliğindeki düzenleyici işlemlerin, bir hakkın kullanımını üst normda öngörülmeyen bir şekilde daraltamayacağı veya kısıtlayamayacağı; dolayısıyla, düzenleyici bir işlemin kendinden önce gelen kanun ve yönetmelik hükümlerine aykırı düzenlemeler getiremeyeceği kabul edilmektedir.
Yukarıda yer alan 4925 sayılı Karayolu Taşıma Kanun'un 1. maddesinde kanunun amacının karayolu taşımalarını ülke ekonomisinin gerektirdiği şekilde düzenlemek, taşımada düzeni ve güvenliği sağlamak, taşıma işlerinde istihdam edilenlerin niteliklerini, haklarını ve sorumluluklarını saptamak, karayolu taşımalarının, diğer taşıma sistemleri ile birlikte ve birbirlerini tamamlayıcı olarak hizmet vermesini ve mevcut imkânların daha yararlı bir şekilde kullanılmasını sağlamak olduğunun belirtildiği, aynı Kanunun 11. maddesinin 3. fıkrasında, yolcu ve eşya taşıma yükleme boşaltma depolama ve aktarma hizmetleri de dahil olmak üzere ücret tarifelerinin ülke ekonomisi ve kamu yararı aleyhine

KARAR SONUCU:
KARAR SONUCU:
Açıklanan nedenlerle;
1. DAVANIN REDDİNE,
2. Ayrıntısı aşağıda gösterilen toplam... TL yargılama giderinin davacı üzerinde bırakılmasına,
3. Karar tarihinde yürürlükte bulunan Avukatlık Asgari Ücret Tarifesi uyarınca... TL vekâlet ücretinin davacıdan alınarak davalı idareye verilmesine,
4. Posta gideri avansından artan tutarın kararın kesinleşmesinden sonra istemi halinde davacıya iadesine,
5. Bu kararın tebliğ tarihini izleyen 30 (otuz) gün içerisinde Danıştay Dava Daireleri Kuruluna temyiz yolu açık olmak üzere, 17/12/2025 tarihinde oybirliğiyle karar verildi.","Davacı şirket tarafından, terminal işletmeciliği faaliyetleri kapsamında uygulanan ve terminal ücretlerine ilişkin makbuzlarda araç plakasının belirtilmesini, belirlenen kurallara uyulmaması halinde yaptırım uygulanmasını ve bu düzenlemelerin yürürlük tarihini öngören idari düzenlemelerin iptali talep edilmiştir. Davacı, söz konusu düzenlemelerin mevcut teknolojik altyapı ile kısa sürede uygulanmasının mümkün olmadığını, ilgili mevzuatta böyle bir zorunluluğun bulunmadığını ve düzenlemelerin hukuka aykırı olduğunu ileri sürmüştür. Davalı idare ise terminal işletmecileri hakkında yapılan şikâyetler üzerine tavan ücret tarifesinin etkisiz hale getirilmesini önlemek, fahiş ücret uygulamalarını engellemek ve kamu yararını sağlamak amacıyla dava konusu düzenlemelerin tesis edildiğini savunmuştur. Danıştay, karayolu taşımacılığı alanında ücret tarifelerinin düzenlenmesi ve denetlenmesi konusunda idareye kanun ve yönetmelikle yetki verildiğini, bu yetki kapsamında kamu yararını korumaya yönelik tedbirler alınabileceğini belirtmiştir. Mahkeme, ücret tahsil belgelerinde plaka bilgisinin yer almasının tavan ücret uygulamasının denetlenmesine hizmet ettiğini ve aşırı ücret uygulamalarının önlenmesi bakımından kamu yararıyla uyumlu olduğunu değerlendirmiştir. Ayrıca, düzenlemelere aykırılık halinde yaptırım öngörülmesinin denetim mekanizmasının bir parçası olduğu ve hukuka aykırılık taşımadığı sonucuna ulaşılmıştır. Davacının, düzenlemenin belirlenen tarihte uygulanamayacağı yönündeki iddiası da terminal işletmecilerinin zaten araç plakalarını kaydetmekle yükümlü olmaları nedeniyle yerinde görülmemiştir. Bu gerekçelerle dava konusu düzenlemelerin incelenen kısımlarında hukuka aykırılık bulunmadığı sonucuna varılarak davanın reddine karar verilmiştir."
saglık_2,saglık,saglık_2.txt,saglik_ozet_2.txt,"Danıştay 5. Daire Başkanlığı 2026/259 E. , 2026/306 K.

""İçtihat Metni""
T.C.
D A N I Ş T A Y
BEŞİNCİ DAİRE
Esas No : 2026/259
Karar No : 2026/306

YETKİLİ YARGI YERİNİN BELİRLENMESİ KARARI

Konya Eğitim ve Araştırma Hastanesinde hemşire olarak olarak görev yapmakta iken, 675 sayılı Kanun Hükmünde Kararname ile kamu görevinden çıkarılan ve Olağanüstü Hal (OHAL) İşlemleri İnceleme Komisyonu kararıyla göreve iade edilen davacı ... vekili Av. ... tarafından, müvekkilinin, kamu görevinden çıkarılması nedeniyle uğramış olduğu manevi zararına karşılık 200.000,00 TL manevi tazminatın kamu görevinden ihraç tarihinden itibaren işleyecek yasal faiziyle birlikte ödenmesine karar verilmesi istemiyle Sağlık Bakanlığına karşı açılan davada verilen Ankara 8. İdare ve Konya 2. İdare Mahkemelerinin davanın yetki yönünden reddine dair kararları sonucunda, anılan iki Mahkeme arasında çıkan yetki uyuşmazlığı 2577 sayılı İdari Yargılama Usulü Kanunu'nun 43. maddesinin 1. fıkrasının (b) bendi uyarınca incelenerek gereği görüşüldü:
2577 sayılı İdari Yargılama Usulü Kanunu'nun ""Tam Yargı Davalarında Yetki"" başlıklı 36. maddesinin ""a"" bendinde, tam yargı davalarında yetkili mahkemenin zararı doğuran idari uyuşmazlığı çözümlemeye yetkili idari mahkemesi olduğuna ilişkin genel yetki kuralı yer almakta olup, aynı Kanun'un 33. maddesinde kamu görevlileri ile ilgili davalarda yetki kuralı açıklanmış ve anılan maddenin 3. fıkrasında uyuşmazlığın kamu görevlisinin özlük ve parasal haklarına ilişkin olması durumunda yetkili mahkemenin ilgilinin görevli bulunduğu yer mahkemesi olduğu kurala bağlanmıştır. 01/02/2018 tarih ve 7075 sayılı OHAL İşlemleri İnceleme Komisyonu Kurulması Hakkında Kanun Hükmünde Kararnamenin Değiştirilerek Kabul Edilmesine Dair Kanun'un 1. maddesinde ise, başka bir idari işlem tesis edilmeksizin doğrudan KHK ile tesis edilen işlemlere ilişkin başvuruları değerlendirmek ve karara bağlamak üzere OHAL İşlemleri İnceleme Komisyonu kurulduğu, OHAL İşlemleri İnceleme Komisyonu kararlarının uygulanmasını düzenleyen ""Kararların uygulanması"" başlıklı 10. maddesinin birinci fıkrasının son cümlesinde, Komisyon kararıyla göreve başlayanlara, kamu görevinden çıkarılmalarını takip eden aybaşından göreve başladıkları tarihe kadar geçen süreye tekabül eden mali ve sosyal haklarının ödeneceği, anılan Kanun'un ""Yargı denetimi"" başlıklı 11. maddesinin 1. fıkrasında da, Komisyon kararlarına karşı Hâkimler ve Savcılar Kurulunca belirlenecek Ankara idare mahkemelerinde ilgilinin en son görev yaptığı kurum veya kuruluş aleyhine iptal davası açılabileceği hükme bağlanmıştır.
Söz konusu uyuşmazlığın çözümlenebilmesi için öncelikle 2577 sayılı Kanun'un 36/a maddesinde yer alan tam yargı davalarındaki genel yetki kuralı uyarınca zararı doğuran idari uyuşmazlığın tespitinin yapılması, daha sonra da 2577 sayılı Kanun ve özel kanunlardaki hükümlere göre bu idari uyuşmazlığı çözümlemeye yetkili idare mahkemesinin belirlenmesi gerekmektedir.
KHK eki listelerde ismine yer verilmek suretiyle kamu görevinden çıkartılanlardan göreve iade edilenlerin parasal ve özlük hakları, 7075 sayılı Kanun'un 10. maddesi uyarınca Komisyon kararını uygulamakla yükümlü idare tarafından mali ve sosyal haklar kapsamında Kanun gereği ödenmektedir. Bu hakların ödenmesine ilişkin ortaya çıkan uyuşmazlıkların çözümlenmesi amacıyla açılan davalarda zararı doğuran işlem idare tarafından Komisyon kararı sonrası tesis edilen işlem olup bu sebeple uğranılan zararların kamu görevinden çıkarma ile illiyet bağı","Davacı tarafından, Kanun Hükmünde Kararname ile kamu görevinden çıkarılması nedeniyle uğradığını ileri sürdüğü manevi zararların tazmini istemiyle açılan davada hangi idare mahkemesinin yetkili olduğunun belirlenmesi talep edilmiştir. Davacı, hemşire olarak görev yapmakta iken kamu görevinden çıkarıldığını, daha sonra OHAL İşlemleri İnceleme Komisyonu kararıyla görevine iade edildiğini ve bu süreçte uğradığı manevi zararın tazmin edilmesi gerektiğini ileri sürmüştür. Ankara ve Konya İdare Mahkemeleri davayı yetki yönünden reddetmiş, bunun üzerine mahkemeler arasında yetki uyuşmazlığı ortaya çıkmıştır. Danıştay, tam yargı davalarında yetkinin belirlenebilmesi için zarara neden olan idari işlemin tespit edilmesi gerektiğini değerlendirmiştir. Mahkeme, davacının ileri sürdüğü manevi zararın kaynağının Komisyon kararının uygulanmasına ilişkin işlemler değil, doğrudan Kanun Hükmünde Kararname ile kamu görevinden çıkarılması işlemi olduğunu belirtmiştir. Ayrıca, göreve iade edilen kişilere kanun gereği ödenen mali ve sosyal haklar dışında kalan maddi ve manevi zararların tazmini taleplerinin, kamu görevinden çıkarma işlemini denetlemeye yetkili mahkemelerce incelenmesi gerektiğini vurgulamıştır. Bu nedenle, OHAL İşlemleri İnceleme Komisyonu kararıyla göreve iade edilen davacının manevi tazminat isteminden kaynaklanan uyuşmazlığın çözümünde özel yetkili Ankara İdare Mahkemelerinin görevli olduğu sonucuna ulaşılmıştır. Sonuç olarak, davanın görüm ve çözümünde Ankara İdare Mahkemelerinin yetkili olduğuna karar verilmiş ve dosyanın bu mahkemelere gönderilmesine hükmedilmiştir."
kamu_personeli_2,kamu_personeli,kamu_personeli_2.txt,kamu_personeli_ozet_2.txt,"DAVA KONUSU:
Dava Konusu İstem: Dava; 2016 yılı Dış Kaynaktan Temin Muvazzaf Subay adayı olan davacının, hakkında yaptırılan güvenlik soruşturması ve arşiv araştırmasının olumsuz sonuçlanması nedeniyle muvazzaf subay adaylığının sonlandırılmasına ilişkin işlemin iptali ile anılan işlem nedeniyle yoksun kalınan parasal haklarının yasal faiziyle birlikte ödenmesi istemiyle dava açılmıştır.

TEMYİZ İDDİALARI:
TEMYİZ EDENİN İDDİALARI : Davalı idare tarafından; davacı hakkında yaptırılan güvenlik soruşturması ve arşiv araştırması neticesinin olumsuz sonuçlanması nedeniyle ilişiğinin kesildiği, dava konusu işlemin hukuka uygun olduğu ileri sürülerek Bölge İdare Mahkemesi kararının bozulması istenilmektedir.

KARŞI TARAF SAVUNMASI:
KARŞI TARAFIN CEVABI : Cevap verilmemiştir.

MADDİ OLAY:
MADDİ OLAY :
2016 yılı Dış Kaynaktan Temin Muvazzaf Subay adayı olan davacının, hakkında yaptırılan güvenlik soruşturması ve arşiv araştırmasının olumsuz sonuçlanması nedeniyle muvazzaf subay adaylığının sonlandırılmasına ilişkin işlemin iptali ile anılan işlem nedeniyle yoksun kalınan parasal haklarının yasal faiziyle birlikte ödenmesi istemiyle incelenmekte olan davanın açıldığı anlaşılmaktadır.

HUKUKİ DEĞERLENDİRME:
HUKUKİ DEĞERLENDİRME:
I- Bölge İdare Mahkemesi kararının, dava konusu işlemin iptaline ilişkin kısmının incelenmesi:
Bölge idare mahkemelerinin nihai kararlarının temyizen bozulması, 2577 sayılı İdari Yargılama Usulü Kanunu'nun 49. maddesinde yer alan sebeplerden birinin varlığı halinde mümkündür.
Temyizen incelenen kararın bu kısmı usul ve hukuka uygun olup, dilekçede ileri sürülen temyiz nedenleri kararın bozulmasını gerektirecek nitelikte görülmemiştir.
II- Bölge İdare Mahkemesi kararının, işlem nedeniyle yoksun kalınan parasal hakların işleyecek yasal faiziyle birlikte davacıya ödenmesine ilişkin kısmının incelenmesi:

Bölge İdare Mahkemesi kararının dava konusu işlemin iptaline ilişkin kısmının onanmasına dair Daire kararının, davacının doğrudan öğrenciliğe iadesi sonucunu doğurmadığı, davacının diğer şartları taşıyıp taşımadığı hususunun davalı idarece ayrıca incelenebileceği dikkate alındığında, davacının işlem nedeniyle yoksun kalınan parasal haklarına ilişkin bu aşamada karar verilemeyeceği sonucuna ulaşıldığından, Mahkeme kararının parasal hakların yasal faiziyle birlikte ödenmesi kısmına yönelik istinaf başvurusunun gerekçeli reddine dair Bölge İdare Mahkemesi kararında hukuki isabet görülmemiştir.

KARAR SONUCU:
KARAR SONUCU :
Açıklanan nedenlerle;
1. DAVALI İDARENİN TEMYİZ İSTEMİNİN KISMEN REDDİ ile ... Bölge İdare Mahkemesi ... İdari Dava Dairesince verilen ... günlü, E:..., K:... sayılı kararın dava konusu işlemin iptaline ilişkin kısmının ONANMASINA oyçokluğuyla,
2. DAVALI İDARENİN TEMYİZ İSTEMİNİN KISMEN KABULÜ ile anılan kararın, işlem nedeniyle yoksun kalınan parasal hakların işleyecek yasal faiziyle birlikte davacıya ödenmesine ilişkin kısmının, 2577 sayılı İdari Yargılama Usulü Kanunu'nun 6545 sayılı Kanun'la değişik 49. maddesinin 2/b fıkrası uyarınca BOZULMASINA oybirliğiyle,
3. 2577 sayılı İdari Yargılama Usulü Kanunu'nun 6545 sayılı Kanun'la değişik 50. maddesinin 2. fıkrası gereğince ve yukarıda belirtilen hususlar da gözetilerek yeniden bir karar verilmek üzere dosyanın, kararı vere","Davacı tarafından, güvenlik soruşturması ve arşiv araştırmasının olumsuz sonuçlandığı gerekçesiyle muvazzaf subay adaylığının sonlandırılmasına ilişkin işlemin iptali ile bu işlem nedeniyle yoksun kalınan parasal hakların ödenmesi talep edilmiştir. Davacı, güvenlik soruşturmasına dayanak alınan bilgilerin hukuken yeterli olmadığını ileri sürerken, davalı idare işlemin güvenlik soruşturması ve arşiv araştırması sonucuna dayanılarak tesis edildiğini savunmuştur. İlk derece mahkemesi, davacının akrabasına ilişkin istihbari bilginin tek başına güvenlik soruşturmasının olumsuz değerlendirilmesine dayanak oluşturamayacağını belirterek işlemi iptal etmiş ve parasal hakların ödenmesine karar vermiştir. Danıştay, davacı hakkında hukuken geçerli kabul edilebilecek kişisel bir olumsuz tespit bulunmadığını, yalnızca akrabasına ilişkin bilgilerin davacı aleyhine değerlendirilmesinin mümkün olmadığını değerlendirmiştir. Bu nedenle güvenlik soruşturmasının olumsuz kabul edilmesine dayalı olarak muvazzaf subay adaylığının sonlandırılmasına ilişkin işlemde hukuka uygunluk bulunmadığı sonucuna ulaşılmıştır. Ancak Mahkeme, işlemin iptaline ilişkin kararın davacının doğrudan göreve veya öğrenciliğe iadesi sonucunu doğurmadığını ve diğer atanma şartlarının ayrıca idarece değerlendirilmesi gerektiğini belirtmiştir. Bu sebeple davacının işlem nedeniyle yoksun kaldığı parasal hakların ödenmesine ilişkin talebin mevcut aşamada hüküm altına alınamayacağı değerlendirilmiştir. Sonuç olarak, işlemin iptaline ilişkin karar onanmış, parasal hakların ödenmesine ilişkin kısım ise bozulmuş ve dosya yeniden karar verilmek üzere ilgili mahkemeye gönderilmiştir."
cevre_3,cevre,cevre_3.txt,cevre_ozet_3.txt,"DAVA KONUSU:
Dava konusu istem: Davacı tarafından, 2025/1 Hukuk Mesleklerine Giriş Sınavı (HMGS) Yeni Değerlendirme Sonuçlarında 69,74750 puanla ''başarısız'' sayılmasına ilişkin işlemin iptali istenilmiştir.

TEMYİZ İDDİALARI:
TEMYİZ EDENİN İDDİALARI : Davacı tarafından, 2577 sayılı Kanun'un 20/B maddesine aykırı olarak işlem tesis edildiği, kararın bozulması gerektiği ileri sürülmektedir.

KARŞI TARAF SAVUNMASI:
KARŞI TARAFIN SAVUNMASI : İstemin reddi gerektiği savunulmaktadır.

MADDİ OLAY:
MADDİ OLAY :
ÖSYM ile Adalet Bakanlığı arasında imzalanan protokol kapsamında, 2025 Hukuk Mesleklerine Giriş Sınavı (2025-HMGS/1) 27/04/2025 tarihinde gerçekleştirilmiş; 22/05/2025 tarihinde açıklanan sonuçlarda davacı; 84 doğru sayısı, 36 yanlış sayısı ve 70 puanla sınavdan ""Başarılı"" olmuştur.
Sınav sorularına ilişkin olarak başka bir aday tarafından açılan davada; ... İdare Mahkemesi'nin ... tarih ve E:... sayılı dosyasında Temel Soru Kitapçığı’nda yer alan ""30"" numaralı soru için yürütmenin durdurulmasına karar verilmiş olup, ardından anılan Mahkemenin ... tarih ve E:... K:... sayılı kararıyla söz konusu sorunun iptaline karar verilmesi üzerine davalı idarece 6114 sayılı Kanun'un 7. maddesinin 2. fıkrası uyarınca, Temel Soru Kitapçığı’nda yer alan ""30"" numaralı soru değerlendirme dışı bırakılarak geçerli soruların puan değerlerinin yeniden belirlenmesi suretiyle yeniden puanlama yapılmıştır.
Bu çerçevede, yeniden değerlendirme sonuçları 16/09/2025 tarihinde ilan edilmiş olup, davacının; 83 doğru sayısı, 36 yanlış sayısı ve 69,74750 puanla sınavdan ''Başarısız'' olması üzerine bakılmakta olan dava açılmıştır.

HUKUKİ DEĞERLENDİRME:
HUKUKİ DEĞERLENDİRME:
Uyuşmazlıkta; sınav sorusunun yargı kararı ile iptali üzerine idarece kararın uygulanması kapsamında sınav

KARAR SONUCU:
KARAR SONUCU:
Açıklanan nedenlerle;
1. 2577 sayılı Kanun'un 49. maddesine uygun bulunan davacının temyiz isteminin kabulüne,
2. ... İdare Mahkemesi'nin... tarih ve E:..., K:... sayılı kararının KALDIRILMASINA,
3. Dava konusu işlemin İPTALİNE,
4. Ayrıntısı aşağıda gösterilen toplam ...TL yargılama giderinin davalı idareden alınarak davacıya verilmesine,
5. Karar tarihinde yürürlükte bulunan Avukatlık Asgari Ücret Tarifesi uyarınca ...TL vekalet ücretinin davalı idareden alınarak davacıya verilmesine,
6. Mahkemece yürütmenin durdurulması istemi hakkında karar verilmediğinden ...-TL yürütmenin durdurulması harcının istemi halinde davacıya iadesine,
7. Posta giderleri avansından varsa artan tutarın istemi hâlinde taraflara iadesine,
8. Dosyanın anılan Mahkemeye gönderilmesine, 2577 sayılı Kanu","Davacı tarafından, 2025 Hukuk Mesleklerine Giriş Sınavı sonucunda yeniden yapılan değerlendirme neticesinde 69,74750 puan alarak başarısız sayılmasına ilişkin işlemin iptali talep edilmiştir. Davacı, sınav sorusunun iptali sonrasında yapılan yeniden değerlendirmenin 2577 sayılı Kanun’un 20/B maddesine aykırı olduğunu ileri sürerken, davalı idare yargı kararıyla iptal edilen sorunun değerlendirme dışı bırakılarak yeniden puanlama yapılmasının mevzuat gereği olduğunu savunmuştur. İlk derece mahkemesi, yeniden puanlama sonucunda davacının 70 puanın altına düşmesi nedeniyle başarısız sayılmasında hukuka aykırılık bulunmadığı gerekçesiyle davayı reddetmiştir. Danıştay, merkezi sınavlara ilişkin yargı kararlarının sınava katılanların lehine sonuç doğuracak şekilde uygulanmasının kanuni bir zorunluluk olduğunu değerlendirmiştir. Mahkeme, ilk açıklanan sonuçlara göre başarılı sayılan adayların, sonradan yapılan yeniden hesaplama sonucunda başarısız ilan edilmelerinin 2577 sayılı Kanun’un 20/B maddesine aykırı olduğunu belirtmiştir. Ayrıca bu uygulamanın hukuk mesleklerine giriş sürecinde adaylar ile ilgili kurumlar arasında hukuki belirsizliklere yol açabileceği vurgulanmıştır. Bu nedenle davacının yeniden değerlendirme sonucunda puanı düşmüş olsa dahi hukuken başarılı sayılması gerektiği sonucuna ulaşılmıştır. Sonuç olarak, dava konusu işlem iptal edilmiş ve ilk derece mahkemesi kararı kaldırılmıştır."
saglık_3,saglık,saglık_3.txt,saglik_ozet_3.txt,"DAVA KONUSU:
Dava konusu istemin özeti: 4760 sayılı Özel Tüketim Vergisi Kanunu'nun 7. maddesinin (2) numaralı fıkrasının (a) bendi kapsamında, özel tüketim vergisi istisnasından faydalanmak suretiyle engelli olan muris adına satın alınan aracın tescil edildiği günde, ancak tescil saatinden önce murisin vefat etmesi nedeniyle, davacı vâris adına hissesi oranında resen tarh edilen 2024 yılı Şubat dönemine ait özel tüketim ve katma değer vergileri ile bu vergilerin bir katı tutarında kesilen vergi ziyaı cezalarının kaldırılması istemiyle dava açılmıştır.
İstanbul 9. Vergi Mahkemesinin 30/01/2025 tarih ve E:2024/1606, K:2025/142 sayılı kararının özeti:
213 sayılı Vergi Usul Kanunu'nun 3. maddesinin (B) işaretli fıkrasında, vergilendirmede vergiyi doğuran olay ve bu olaya ilişkin muamelelerin gerçek mahiyetinin esas olduğu kurala bağlanmıştır.
4760 sayılı Kanun'un 1. maddesinin (1) numaralı fıkrasının (b) işaretli bendi, 7. maddesinin (2) numaralı fıkrasının (a) işaretli bendi, 11. maddesinin (3) numaralı fıkrası, 13. maddesinin (3) numaralı fıkrası, 15. maddesinin (2) numaralı fıkrası ile 3065 sayılı Katma Değer Vergisi Kanunu'nun 1. maddesinin (1) numaralı fıkrası, 20. maddesinin (1) ve (2) numar

TEMYİZ İDDİALARI:

KARŞI TARAF SAVUNMASI:

MADDİ OLAY:
MADDİ OLAY
Aykırılığın giderilmesi kararına konu uyuşmazlıklar aynı murisin farklı vârisleri adına yapılan tarhiyatlara ilişkindir. Uyuşmazlıklara konu maddi olaylarda, muris tarafından %100 oranlı sağlık kurulu engelli raporuna dayanarak engelli istisnasından yararlanmak suretiyle araç satın alınmıştır. Bu araca ilişkin olarak 22/01/2024 tarihinde kapora ödemesi yapılmıştır. Araca ilişkin fatura 05/02/2024 tarihinde düzenlenmiş, faturada mal bedeli üzerinden %20 oranında katma değer vergisi hesaplanmış, aynı tarihte aracı satan bayi tarafından özel tüketim vergisi beyannamesi verilerek tahakkuk eden damga vergisi ödenmiştir. Özel tüketim vergisi istisnasından yararlanmak suretiyle satın alınan bu araç 13/02/2024 tarihinde tescil edilmiş, muris de aynı tarihte vefat etmiş, ancak tescil vefat saatinden sonra yapılmıştır.
Nakil Vasıtaları Vergi Dairesi Müdürlüğünün ... tarih ve ... sayılı yazısında ödevlinin aracın tescil saatinden önce vefat ettiğinin tespit edilmesinden dolayı ilk iktisapta ödenmeyen vergi ziyaı cezası ve gecikme faizi ile birlikte ilk iktisapta beyan edilen matrah ve %80 oran üzerinden resen özel tüketim vergisi tarh edilmesi, ayrıca tarh edilmesi gereken özel tüketim vergisi tutarının %20'si oranında resen katma değer vergisi tarh edilmesi gerektiği hususları belirtilmiştir.
25/03/2024 tarihinde vergi matrahının takdiri amacıyla olay takdir komisyonuna sevk edilmiş, takdir komisyonu tarafından 09/07/2024 tarihli kararlar ile anılan araç ile ilgili olarak ar

HUKUKİ DEĞERLENDİRME:
HUKUKİ DEĞERLENDİRME:
2576 sayılı Bölge İdare Mahkemeleri, İdare Mahkemeleri ve Vergi Mahkemelerinin Kuruluşu ve Görevleri Hakkında Kanun'un 3/C maddesinin (5) numaralı fıkrası uyarınca karar veren Danıştay Vergi Dava Daireleri Kurulunca, Tetkik Hâkiminin açıklamaları dinlendikten sonra konu ile ilgili kararlar ve mevzuat incelenerek gereği görüşüldü:
4760 sayılı Özel Tüketim Vergisi Kanunu'nun 1. maddesinde bu Kanun'a ekli (II) sayılı listedeki mallardan kayıt ve tescile tabi olanların ilk iktisabının bir defaya mahsus olmak üzere özel tüketim vergisine tabi olduğu kuralına yer verilmiş; 2. maddesinde, ilk iktisabın, (II) sayılı listedeki mallardan Türkiye’de kayıt ve tescil edilmemiş olanların kullanılmak üzere ithalini, müzayede yoluyla veya kayıt ve tescil edilmiş olsa dahi 4077 sayılı Tüketicinin Korunması Hakkında Kanun hükümlerine göre iade edilenler de dahil motorlu araç ticareti yapanlardan iktisabını, motorlu araç ticareti yapanlar tarafından kullanılmaya başlanmasını, aktife alınmasını veya adlarına kayıt ve tescil ettirilmesini ifade ettiği belirtilmiştir.
Yine aynı Kanun'un 7. maddesinin (2) numaralı fıkrasının (a) bendinin, dava konusu işlemlerin tesis edildiği tarihte yürürlükte bulunan hâline göre (II) sayılı listede yer alan kayıt ve tescile tabi mallardan, maddede öngörülen koşullar dahilinde, 87.03, 87.04 ve 87.11 G.T.İ.P. numaralarında yer alanların, engellilik oranı %90 veya daha fazla olan malul ve engelliler tarafından beş yılda bir defaya mahsus olmak üzere ilk iktisabı vergiden istisna edilmiştir.
Bölge İdare Mahkemeleri kararları arasındaki aykırılık, söz konusu istisna kuralındaki ilk iktisabın, 4760 sayılı Kanun'un 7. maddesinin (2) numaralı fıkrasının (a) bendinde sayılan taşıtların, malul ve engelliler tarafından, motorlu araç ticareti yapanlardan kayıt ve tescil ettirilmek üzere edinilmesi (bu kişiler tarafından malul ya da engelli alıcı adına fatura düzenlenmesi) anında mı yoksa bu taşıtların tescili anında mı gerçekleştiği, dolayısıyla motorlu araç ticareti yapanlardan edinilmekle birlikte araç tescil edilmeden önce, adına araç tescil edilen malul veya engellinin vefat etmesi nedeniyle, istisna kapsamında ödenmeyen vergiler için vârislere resen tarhiyat yapılmasında hukuka uygunluk bulunup bulunmadığına ilişkindir.
Anayasa’nın 73. maddesinin üçüncü fıkrasında ""Vergi, resim, harç ve benzeri malî yükümlülükler kanunla konulur, değiştirilir veya kaldırılır."" kuralına yer verilmiştir. Bu kuralda öngörülen ""verginin kanuniliği ilkesi"" takdire dayalı keyfî uygulamaları önleyecek sınırlamaların kanunda yer almasını gerektirmekte ve vergi yükümlülüğüne ilişkin düzenlemelerin konulması, değiştirilmesi veya kaldırılmasının kanun ile yapılmasını zorunlu kılmaktadır. Bu ilke kapsamında, bireylerin sosyal ve ekonomik durumlarını etkileyecek keyfî uygulamalara neden olunmaması için vergiyi doğuran olay, yükümlü, matrah, oran, istisna, muafiyet, tarh, tahakkuk ve tahsil usulleri, yaptırım ve zamanaşımı gibi vergilendirmenin bell

KARAR SONUCU:
Karar sonucu:
Vergi Dava Dairesi, bu gerekçeyle Vergi mahkemesi kararının, özel tüketim ve katma değer vergilerinin kaldırılmasına dair hüküm fıkrasına yönelik istinaf isteminin kabulüne, anılan hüküm fıkrasının kaldırılmasına ve davanın bu kısım yönünden reddine, vergi ziyaı cezalarının kaldırılmasına dair hüküm fıkrasına yönelik istinaf isteminin ise yukarıda belirtilen gerekçe ile reddine kesin olarak karar vermiştir.
B. İstanbul Bölge İdare Mahkemesi 1. Vergi Dava Dairesinin E:2025/1030 sayılı dosyasına konu yargılama süreci:
Dava konusu istemin özeti: 4760 sayılı Özel Tüketim Vergisi Kanunu'nun 7. maddesinin (2) numaralı fıkrasının (a) bendi kapsamında, özel tüketim vergisi istisnasından faydalanmak suretiyle engelli olan muris adına satın alınan aracın tescil edildiği günde, ancak te","Davacı tarafından, Özel Hastaneler Yönetmeliği’nde yapılan değişiklikle muayenehanesi bulunan hekimlerin hastalarını özel hastanelerde tedavi edebilmelerinin yıllık sözleşme yapılması, ilgili branşta boş uzman hekim kadrosu bulunması, belirli kota sınırlamalarına uyulması ve sözleşmelerin idareye bildirilmesi şartlarına bağlanmasına ilişkin düzenlemeler ile bunlara bağlı yükümlülük ve yaptırım hükümlerinin iptali talep edilmiştir. Davacı, söz konusu sınırlamaların kanuni dayanağının bulunmadığını, bilimsel verilerle desteklenmediğini ve çalışma özgürlüğünü ölçüsüz biçimde kısıtladığını ileri sürmüştür. Davalı idare ise düzenlemelerin sağlık insan gücünün planlanması, sağlık hizmetlerinin dengeli dağılımının sağlanması, sağlık hizmetlerinin denetlenmesi ve kamu yararının korunması amacıyla tesis edildiğini savunmuştur. İlk derece incelemesini yapan Danıştay Dairesi, yıllık sözleşme, boş kadro ve kota şartlarının somut bilimsel verilere dayanmadığı gerekçesiyle ilgili düzenlemeleri iptal etmiştir. Danıştay İdari Dava Daireleri Kurulu ise Sağlık Bakanlığının sağlık hizmetlerini planlama ve sağlık insan gücünü düzenleme konusunda geniş bir yasal yetkiye sahip olduğunu, dava konusu düzenlemelerin sağlık hizmetlerinin sürekliliğini, planlamanın etkinliğini ve denetlenebilirliğini sağlamaya yönelik bulunduğunu değerlendirmiştir. Kurul, yıllık sözleşme zorunluluğu ile kadro ve kota sınırlamalarının kamu yararı ve hizmet gerekleri doğrultusunda getirildiği ve üst hukuk normlarına aykırılık taşımadığı sonucuna ulaşmıştır. Bu nedenle iptal edilen düzenlemelerde hukuka aykırılık bulunmadığı kabul edilmiştir. Sonuç olarak, davalı idarenin temyiz istemi kabul edilerek iptal kararına ilişkin kısımlar bozulmuş ve dosya yeniden karar verilmek üzere ilgili Daireye gönderilmiştir."
vergi_1,vergi,vergi_1.txt,vergi_ozet_1.txt,"DAVA KONUSU:

TEMYİZ İDDİALARI:

KARŞI TARAF SAVUNMASI:
KARŞI TARAFIN SAVUNMASI: Cevap verilmemiştir.

MADDİ OLAY:

HUKUKİ DEĞERLENDİRME:
HUKUKİ DEĞERLENDİRME :
Kararların düzeltme yolu ile yeniden incelenebilmelerini gerektiren nedenler, 2577 sayılı Kanun'un geçici 8. maddesi uyarınca uygulanmasına devam edilen 3622 sayılı Kanun ile değişik 54. maddesinin (1) numaralı fıkrasında gösterilmiş, aynı maddenin (2) numaralı fıkrasında ise, daire ve kurulların kararın düzeltilmesi isteminde ileri sürülen nedenlerle bağlı oldukları belirtilmiş bulunmaktadır.
Dilekçede ileri sürülen düzeltme nedenlerinin anılan maddede sayılan nedenlere uymadığı anlaşılmıştır.

KARAR SONUCU:
KARAR SONUCU :
Açıklanan nedenlerle;
Karar düzeltme isteminin REDDİNE, 11/03/2026 tarihinde oybirliğiyle karar verildi.","Davacı tarafından açılan vergi uyuşmazlığına ilişkin davada verilen Danıştay Vergi Dava Daireleri Kurulu kararının düzeltilmesi davalı idare tarafından talep edilmiştir. Davalı idare, Kurul kararının hukuka aykırı olduğunu ileri sürerek karar düzeltme yoluna başvurmuştur. Davacı taraf ise karar düzeltme istemine ilişkin herhangi bir savunmada bulunmamıştır. Danıştay Vergi Dava Daireleri Kurulu, karar düzeltme istemlerinin yalnızca 2577 sayılı İdari Yargılama Usulü Kanunu’nda öngörülen sınırlı sebeplerin varlığı halinde incelenebileceğini belirtmiştir. Mahkeme, karar düzeltme dilekçesinde ileri sürülen iddiaların kanunda sayılan karar düzeltme nedenlerinden herhangi birine uygun düşmediğini değerlendirmiştir. Bu nedenle önceki Kurul kararının yeniden incelenmesini gerektiren hukuki bir sebebin bulunmadığı sonucuna ulaşılmıştır. Sonuç olarak, davalı idarenin karar düzeltme istemi reddedilmiş ve önceki Kurul kararı kesinleşmiştir."
cevre_4,cevre,cevre_4.txt,cevre_ozet_4.txt,"DAVA KONUSU:
Dava konusu istem: Davacı şirket tarafından, Kırşehir ili, Akpınar ilçesi sınırları dahilinde ve uhdesinde bulunan S:... sayılı IV. grup işletme ruhsatı kapsamında yapmış olduğu temdit başvurusunun uygun bulunmamasına ilişkin Maden ve Petrol İşleri Genel Müdürlüğü'nün ... tarih ve ... sayılı işlemi ile bildirilen ... tarih ve ... sayılı Enerji ve Tabii Kaynaklar Bakanlığı Taşınmaz Komisyonu kararının iptali istenilmiştir.

TEMYİZ İDDİALARI:
TEMYİZ EDENLERİN İDDİALARI : Davalı idareler tarafından, madenlerin taşınmaz mal niteliğinde olduğu, 2018/8 sayılı Cumhurbaşkanlığı Genelgesi doğrultusunda faaliyetlerini sürdüren Taşınmaz Komisyonunun dava konusu işlemi tesis etme yetkisinin bulunduğu ileri sürülmektedir.

KARŞI TARAF SAVUNMASI:
KARŞI TARAFIN SAVUNMASI : Davacı şirket tarafından, istemin reddi gerektiği savunulmuştur.

MADDİ OLAY:
MADDİ OLAY :
Davacı şirket tarafından, Kırşehiri ili, Akpınar ilçesi sınırları dahilinde ve uhdesinde bulunan S:... sayılı IV. grup işletme ruhsatı kapsamında yapmış olduğu temdit başvurusunun uygun bulunmamasına ilişkin Maden ve Petrol İşleri Genel Müdürlüğü'nün ... tarih ve ... sayılı işlemi ile bildirilen ... tarih ve ... sayılı Enerji ve Tabii Kaynaklar Bakanlığı Taşınmaz Komisyonu kararının iptali istemiyle görülmekte olan dava açılmıştır.

HUKUKİ DEĞERLENDİRME:
HUKUKİ DEĞERLENDİRME:
Yukarıda aktarılan mevzuat hükümleri incelendiğinde, ihale bedelinin yatırılması sonrasında ya da arama ruhsat süresinin sonuna kadar işletme ruhsatı talep edilen maden sahaları için; işletme ruhsat taban bedeli ve işletme ruhsat bedeli yatırılması, yetkilendirilmiş tüzel kişilerce maden mühendisinin sorumluluğunda hazırlanmış işletme projesi ve bu projenin uygulanabilmesi için gerekli olan mali yeterliliğine ilişkin belgelerin ve aktif edilmiş tebligata esas kayıtlı elektronik posta adresinin (KEP) veya kurumsal elektronik tebligat sistemi (e-Tebligat) adresinin verilmesi şartlarının yerine getirilmesi sonrasında, işletme ruhsat talebinin uygun görülmesi halinde Maden ve Petrol İşleri Genel Müdürlüğünce işletme ruhsatı düzenleneceği; işletme ruhsat bedeli ve mali yeterliliğe ilişkin belgeler hariç olmak üzere diğer bedellerin yatırılması ve belgelerin verilmesi sonrasında ise, işletme ruhsat süresinin uzatılması (temdit) talebinin uygun görülmesi halinde, Maden ve Petrol İşleri Genel Müdürlüğünce işletme ruhsat süresinin uzatılacağı kurala bağlanmıştır.
2018/8 sayılı Cumhurbaşkanlığı Genelgesinde ise, kamu kurum ve kuruluşlarının mülkiyetinde veya tasarrufunda olan taşınmazlara yönelik satış, kira, irtifak, takas, tahsis, devir ve benzeri her türlü tasarrufa ilişkin işlemlerin komisyonlar vasıtasıyla yapılması ve söz konusu komisyonların izin başvuru ve

KARAR SONUCU:
KARAR SONUCU:
Açıklanan nedenlerle,
1. Temyiz istemlerinin reddine,
2. ... Bölge İdare Mahkemesi ... İdari Dava Dairesinin ... tarih ve E:..., K:... sayılı kararının yukarıda belirtilen gerekçeyle ONANMASINA,
3. Temyiz giderlerinin istemde bulunanlar üzerinde bırakılmasına, posta gideri avansından artan tutarların Mahkemece tarafalara iadesine,
4. 2577 sayılı Kanunun 50. maddesi uyarınca onama kararının taraflara tebliğini ve bir örneğinin de belirtilen Bölge İdare Mahkemesine gönderilmesini teminen dosyanın İdare Mahkemesine gönderilmesine,
5. Kesin olarak, 16/12/2025 tarihinde esasta oybirliği gerekçede oyçokluğu ile karar verildi.

GEREKÇEDE","Davacı şirket tarafından, IV. grup işletme ruhsatı kapsamında yaptığı ruhsat süresi uzatımı (temdit) başvurusunun uygun bulunmamasına ilişkin işlemin ve bu işleme dayanak teşkil eden Taşınmaz Komisyonu kararının iptali talep edilmiştir. Davacı, başvurusunun herhangi bir somut gerekçe gösterilmeksizin reddedildiğini ileri sürerken, davalı idareler işlemin Taşınmaz Komisyonunun yetkisi kapsamında ve takdir yetkisine dayanılarak tesis edildiğini savunmuştur. İlk derece mahkemesi ve Bölge İdare Mahkemesi, ret kararında başvurunun neden uygun bulunmadığına ilişkin herhangi bir maddi veya hukuki gerekçenin ortaya konulmadığını belirterek işlemleri hukuka aykırı bulmuştur. Danıştay, madencilik faaliyetlerine ilişkin kısıtlamaların yalnızca kanunla öngörülebileceğini, alt düzenleyici işlemlerle kanunda bulunmayan yeni izin veya onay şartları getirilemeyeceğini vurgulamıştır. Mahkeme ayrıca, idarenin takdir yetkisine sahip olmakla birlikte bu yetkinin kamu yararı ve hizmet gerekleri doğrultusunda somut gerekçelere dayanılarak kullanılmasının zorunlu olduğunu değerlendirmiştir. Olayda ise dava konusu işlemin dayandığı maddi ve hukuki sebeplerin ne işlemde ne de yargılama sürecinde açıklanamadığı tespit edilmiştir. Bu nedenle yalnızca takdir yetkisine dayanılarak ve gerekçe gösterilmeksizin tesis edilen işlemin hukuka uygun olmadığı sonucuna ulaşılmıştır. Sonuç olarak, dava konusu işlemlerin iptaline ilişkin karar onanmış, ancak bu kararın temdit talebinin doğrudan kabulü sonucunu doğurmayacağı ve idarenin mevzuat çerçevesinde yeniden değerlendirme yapabileceği belirtilmiştir."
sosyal_guvenlik_4,sosyal_guvenlik,sosyal_guvenlik_4.txt,sosyal_guvenlik_ozet_4.txt,"DAVA KONUSU:
Dava konusu istem: 27/03/2002 tarih ve 24708 sayılı Resmî Gazete’de yayımlanan Özel Hastaneler Yönetmeliği'nin, 06/10/2022 tarih ve 31975 sayılı Resmî Gazete'de yayımlanan Özel Hastaneler Yönetmeliğinde Değişiklik Yapılmasına Dair Yönetmeliğin 3. maddesi ile değiştirilen ek 5. maddesinin birinci fıkrasının (ı) bendinin iptali istenilmiştir.

TEMYİZ İDDİALARI:
TEMYİZ EDENİN İDDİALARI : Davalı idare tarafından, davaya konu düzenlemenin üst hukuk normlarına, kamu yararına ve hizmet gereklerine uygun olarak tesis edildiği, hukuka aykırı ve iptalini gerektirecek bir yönünün bulunmadığı, temyize konu kararın iptale ilişkin kısımlarının bozulması gerektiği ileri sürülmektedir.

KARŞI TARAF SAVUNMASI:
KARŞI TARAFIN SAVUNMASI : Davacı tarafından, savunma verilmemiştir.

MADDİ OLAY:
MADDİ OLAY :
27/03/2002 tarih ve 24708 sayılı Resmî Gazete’de yayımlanan Özel Hastaneler Yönetmeliği'nin ""Özel hastanenin kalite ve verimliliğini artırmak amacıyla izin verilebilecek hususlar"" başlıklı ek 5. maddesinin birinci fıkrasının -22/03/2017 tarih ve 30015 sayılı Resmî Gazete'de yayımlanan Özel Hastaneler Yönetmeliğinde Değişiklik Yapılmasına Dair Yönetmeliğin 36. maddesi ile değişik- (ı) bendi;
""1219 sayılı Kanunun 12 nci maddesine uygun olmak kaydıyla mesleğini serbest olarak icra eden hekimler muayenehanesine müracaat eden hastalarının teşhis ve tedavisini özel hastanelerde yapabilirler. Hastaya sunulan teşhis ve tedavi hizmetlerinden muayenehane hekimi ve özel hastane müştereken sorumludur. Bu durumdaki hastalar, hastanedeki tedavi masraflarının kendileri tarafından karşılanacağı hususunda bilgilendirilir ve buna ilişkin rıza formu hastaya veya kanuni temsilcisine imzalatılır. Bu hekimlere hizmet sunan hastanenin mesul müdürü her ay sonu itibariyle tedavi edilen hasta sayısı ve hekim ismi ile rıza formunu müdürlüğe bildirir. Ayrıca bu şekilde tedavi gören hastalara ayrıntılı fatura düzenlenir."" şeklinde iken,
06/10/2022 tarih ve 31975 sayılı Resmî Gazete'de yayımlanan Özel Hastaneler Yönetmeliğinde Değişiklik Yapılmasına Dair Yönetmeliğin 3. maddesi ile,
""Muayenehanesi bulunan hekimler, 1219 sayılı Kanunun 12 nci maddesinin üçüncü fıkrası gereğince hizmet bedeli hasta tarafından karşılanmak ve Sosyal Güvenlik Kurumundan talep edilmemek kaydıyla, muayenehanesine mü

HUKUKİ DEĞERLENDİRME:
HUKUKİ DEĞERLENDİRME:
Yönetmeliğin 3. maddesi ile değiştirilen Özel Hastaneler Yönetmeliği'nin ek 5. maddesinin birinci fıkrasının (ı) bendinin birinci cümlesinde yer alan ""...yıllık sözleşme yapmak suretiyle ilgili branşta boş uzman hekim kadrosu olması halinde ..."" ibaresi ile aynı bendin ikinci, üçüncü ve dördüncü cümleleri yönünden;
Yönetmeliğin dava konusu kısımlarında, mesleğini serbest olarak icra eden hekimlerin muayenehanesine müracaat eden hastaların teşhis ve tedavilerini özel hastanelerde yapabilmeleri, hekim ile özel hastane arasında yıllık sözleşme yapılması ve hastanenin ilgili branşta boş uzman hekim kadrosu bulunması şartlarına bağlanmış, hastanenin boş uzman hekim kadrosunun olmaması durumunda, ruhsatında veya faaliyet izin belgesinde kayıtlı uzman hekim branşlarındaki toplam kadro sayısının %15’ine kadar uzman hekimle sözleşme imzalanabileceği, aynı branşta birden fazla hekimle sözleşme imzalanmak istenmesi durumunda ise, ilgili branşın toplam kadro sayısının üçte birinden fazla uzman hekim ile sözleşme imzalanamayacağı, yapılan sözleşmenin taraflarca imzalanmış nüshasının ise, özel hastane tarafından SKYS’ye ekleneceği ve müdürlüğe gönderileceği düzenlenmiştir.
Her ne kadar dava devam ederken, dava konusu düzenlemelerde bir takım değişikliklere gidilmiş ise de, muayenehaneye başvuran hastaların teşhis ve tedavilerinin özel hastanelerde yapılabilmesi için getirilen kısıtlamaların benzer şekilde devam ettiği, davacının hukuka aykırılık iddialarının ortadan kalkmadığı, anılan değişikliklerin dava konusu düzenlemelerin hukuka uygunluk denetimine engel teşkil etmediği anlaşıldığından, işin esasının incelenmesi gerekmektedir.
1219 sayılı Kanun'un 12. maddesi uyarınca, tabip, diş tabibi ve tıpta uzmanlık mevzuatına göre uzman olanların, Sağlık Bakanlığınca yapılan istihdam planlamaları çerçevesinde ve anılan maddenin ikinci fıkrasının her bir bendi kapsamında olmak kaydıyla, birden fazla sağlık kurum ve kuruluşunda çalışabilme hakkına sahip oldukları, bunlardan mesleğini serbest olarak icra edenlerin, hizmet bedeli hasta tarafından karşılanmak ve Sosyal Güvenlik Kurumundan talep edilmemek kaydıyla, Sosyal Güvenlik Kurumu ve kamu kurumları ile sözleşmeli çalışan özel sağlık kurum ve kuruluşları ve vakıf üniversitelerinde de hastalarının teşhis ve tedavisini yapabilecekleri açıktır.
Bununla birlikte, 3359 sayılı Sağlık Hizmetleri Temel Kanunu'nun 3. maddesi, 1 sayılı Cumhurbaşkanlığı Kararnamesi'nin 355. maddesi ve bu düzenlemelere dayanılarak çıkarılan Özel Hastaneler Yönetmeliği hükümleri uyarınca Sağlık Bakanlığının, mevcut sağlık insan gücünü, kamu ve özel kurum ve kuruluşlar düzeyinde planlamaya ve istihdamın bu plan çerçevesinde yürütülmesini sağlamaya ve bunu denetlemeye yetkili olduğu hususu yerleşik Danıştay içtihatları ile sabittir.
Diğer yandan, Sağlık Bakanlığının sağlık insan gücünü planlama yetkisine ilişkin olarak, anılan mevzuat hükümlerinin yanı sıra, hekimlerin birden fazla yerde çalışabilmelerine ve mesleğini serbest

KARAR SONUCU:
KARAR SONUCU:
Açıklanan nedenlerle;
1. Davalı idarenin temyiz isteminin kabulüne,
2. Yukarıda özetlenen gerekçeyle kısmen davanın reddine, kısmen dava konusu düzenlemenin iptaline ilişkin, Danıştay Onuncu Dairesinin temyize konu 26/12/2024 tarih ve E:2022/6724, K:2024/7032 sayılı kararının iptale ilişkin kısımlarının BOZULMASINA,
3. Bozulan kısımlar yönünden yeniden bir karar verilmek üzere dosyanın anılan Daireye gönderilmesine,
4. Kesin olarak, 22/12/2025 tarihinde, oyçokluğu ile karar verildi.","Davacı tarafından, Özel Hastaneler Yönetmeliği’nde yapılan değişiklikle muayenehanesi bulunan hekimlerin hastalarını özel hastanelerde tedavi edebilmelerinin yıllık sözleşme yapılması, ilgili branşta boş uzman hekim kadrosu bulunması ve belirli kota sınırlamalarına tabi tutulmasına ilişkin düzenlemelerin iptali talep edilmiştir. Davacı, söz konusu düzenlemelerin bilimsel temelden yoksun olduğunu ve hekimlerin çalışma faaliyetlerini hukuka aykırı biçimde sınırlandırdığını ileri sürmüştür. Davalı idare ise düzenlemelerin sağlık hizmetlerinin planlanması, sağlık insan gücünün dengeli dağılımının sağlanması ve sağlık hizmetlerinin sürdürülebilir biçimde yürütülmesi amacıyla getirildiğini savunmuştur. İlk derece incelemesini yapan Danıştay Dairesi, yıllık sözleşme, boş kadro ve kota şartlarının somut gerekçelerle desteklenmediği gerekçesiyle ilgili düzenlemeleri iptal etmiştir. Danıştay İdari Dava Daireleri Kurulu, Sağlık Bakanlığının mevzuattan kaynaklanan planlama ve düzenleme yetkisi kapsamında sağlık hizmetlerinin etkin, verimli ve dengeli sunulmasını sağlamak amacıyla bu tür sınırlamalar getirebileceğini değerlendirmiştir. Mahkeme, düzenlemelerin sağlık hizmetlerinin sürekliliğini ve kamu yararını gözettiğini, bu nedenle hukuka aykırı sayılamayacağını belirtmiştir. Ayrıca söz konusu kuralların üst hukuk normlarına aykırılık taşımadığı sonucuna ulaşılmıştır. Sonuç olarak, davalı idarenin temyiz istemi kabul edilerek iptal kararına ilişkin kısımlar bozulmuş ve dosya yeniden karar verilmek üzere ilgili Daireye gönderilmiştir."
kamu_personeli_4,kamu_personeli,kamu_personeli_4.txt,kamu_personeli_ozet_4.txt,"DAVA KONUSU:
Dava Konusu İstem : Dava; Jandarma Genel Komutanlığı tarafından gerçekleştirilen 2015 yılı Dış Kaynaktan Muvazzaf Astsubay Temini Sınavında başarılı olan davacı tarafından, Jandarma Astsubay Temel Kursunda eğitim görmekte iken hakkında yaptırılan güvenlik soruşturması ve arşiv araştırmasının olumsuz sonuçlandığından bahisle adaylığının sonlandırılmasına ilişkin işlemin iptali istemiyle açılmıştır.

TEMYİZ İDDİALARI:
TEMYİZ EDENİN İDDİALARI: Davalı idare tarafından; davacı hakkında yaptırılan güvenlik soruşturması ve arşiv araştırması neticesinin olumsuz sonuçlanması nedeniyle ilişiğinin kesildiği, dava konusu işlemin hukuka uygun olduğu ileri sürülmektedir.

KARŞI TARAF SAVUNMASI:
KARŞI TARAFIN CEVABI : Cevap verilmemiştir.

MADDİ OLAY:
MADDİ OLAY :
Dış kaynaktan muvazzaf astsubay temini kapsamında katıldığı Jandarma Astsubay Temel Kursunda eğitim görmekte iken hakkında yaptırılan güvenlik soruşturması ve arşiv araştırması sonucunda davacının, 'kasten yaralama' suçu nedeniyle ... Asliye Ceza Mahkemesinin... günlü, E:... K:... sayılı kararıyla '10 ay hapis' cezası ile cezalandırıldığı ve hakkında 'hükmün açıklanmasının geri bırakılmasına' karar verildiği yolundaki bilgi değerlendirilerek, davacının güvenlik soruşturmasının olumsuz sonuçlanmasına karar verilmesi üzerine incelenmekte olan davanın açıldığı anlaşılmaktadır.

HUKUKİ DEĞERLENDİRME:
HUKUKİ DEĞERLENDİRME:
Dava konusu işlem tarihinde güvenlik soruşturması ve arşiv araştırması, 4045 sayılı Kanun hükümleri uyarınca yapılmaktadır. Anılan Kanun'un 1. maddesinin Anayasa Mahkemesinin yukarıda belirtilen kararı ile iptal edilmesi ve 4045 sayılı Kanun uyarınca yapılan işlemlere yönelik bireysel başvurularda verilen ihlal kararları dikkate alınarak kanun koyucu tarafından 7315 sayılı Kanun yürürlüğe konulmuş ve 4045 sayılı Kanun da yürürlükten kaldırılmıştır.
7315 sayılı Kanun'la, Anayasa Mahkemesi kararları doğrultusunda, güvenlik soruşturması ve/veya arşiv araştırmasının yapılmasına ve elde edilecek verilerin kullanılmasına ilişkin temel ilkeler belirlenmiş; kimler hakkında yapılacağı, araştırma konusu edilecek bilgi ve belgelerin neler olduğu, bu bilgilerin ne şekilde kullanılacağı, hangi mercilerce soruşturma ve araştırma yapılacağı, bu kapsamda Değerlendirme Komisyonunun oluşumu ve çalışma usul, esasları, kişisel veri güvenliği ile kişisel verilerin saklanma ve silinme süreleri düzenlenmiştir.
Bu itibarla, Anayasa Mahkemesi kararlarındaki kanuni düzeyde eksik düzenleme bulunduğu yolundaki gerekçeler göz önüne alınmak suretiyle kanun koyucu tarafından 7315 sayılı Kanun'la yeni yasal düzenleme yapılmak suretiyle bu konudaki eksiklikler giderildiğinden; somut olayda, kişisel verilerin güvenliğinin sağlanması ve özel hayatın gizliliğinin korunması amacına yönelik olarak 7315 sayılı Kanun ile getirilen çerçevede değerlendirme yapılması gerektiği sonucuna varılmıştır.
Nitekim 7315 sayılı Kanun'un yürürlüğe girdiği tarihten sonra Danıştay İdari Dava Daireleri Kurulunun pek çok kararında (19/06/2023 günlü, E:2022/884, K:2023/1488; 09/02/2023 günlü, E:2022/667, K:2023/211; 23/01/2023 günlü, E:2022/882, K:2023/53 sayılı kararları) güvenlik soruşturması ve arşiv araştırması kaynaklı uyuşmazlıklarda 7315 sayılı Kanun çerçevesinde değerlendirme yapılması gerektiği belirtilmiştir.
Bu durumda, dava konusu işlemin, 7315 sayılı Kanun'a uygunluğu yönünden bir değerlendirme yapılması suretiyle karar verilmesi gerekirken, bu yönde bir değerlendirme yapılmaksızın, dava konusu işlemin iptaline karar veren İdare Mahkemesi kararına yönelik istinaf isteminin reddine ilişkin Bölge İdare Mahkemesi kararında hukuki isabet bulunmadığı sonucuna ulaşılmıştır.

KARAR SONUCU:
KARAR SONUCU:
Açıklanan nedenlerle;
1. DAVALI İDARENİN TEMYİZ İSTEMİNİN KABULÜNE,
2. ... Bölge İdare Mahkemesi .... İdari Dava Dairesince verilen ... günlü, E:... K:... sayılı kararın, 2577 sayılı İdari Yargılama Usulü Kanunu'nun 49. maddesinin 2/b fıkrası uyarınca BOZULMASINA,
3. 2577 sayılı İdari Yargılama Usulü Kanunu'nun 6545 sayılı Kanun'la değişik 50. maddesinin 2. fıkrası gereğince ve yukarıda belirtilen hususlar da gözetilerek yeniden bir karar verilmek üzere dosyanın, kararı veren ... Bölge İdare Mahkemesi ... İdari Dava Dairesine gönderilmesine,
4. 2577 sayılı İdari Yargılama Usulü Kanunu'na 6545 sayılı Kanun'un 27. maddesi ile eklenen Geçici 8. maddesi uyarınca karar düzeltme yolu kapalı olmak üzere, 02/12/2025 tarihinde oyçokluğuyla karar verildi.

(X)","Davacı tarafından, Jandarma Astsubay Temel Kursunda eğitim görmekte iken hakkında yapılan güvenlik soruşturması ve arşiv araştırmasının olumsuz sonuçlandığı gerekçesiyle adaylığının sonlandırılmasına ilişkin işlemin iptali talep edilmiştir. Davacı, güvenlik soruşturmasının yalnızca hakkında verilen hükmün açıklanmasının geri bırakılması kararına dayandırıldığını ve işlemin hukuka aykırı olduğunu ileri sürmüştür. İlk derece mahkemesi ve Bölge İdare Mahkemesi, söz konusu ceza yargılamasının niteliğinin güvenlik soruşturmasının olumsuz değerlendirilmesini gerektirmediği gerekçesiyle işlemi hukuka aykırı bularak davacıyı haklı görmüştür. Davalı idare ise güvenlik soruşturması sonucunda elde edilen bilgiler nedeniyle adaylığın sonlandırılmasının hukuka uygun olduğunu savunmuştur. Danıştay, güvenlik soruşturması ve arşiv araştırmasına ilişkin uyuşmazlıklarda, Anayasa Mahkemesi kararları sonrasında yürürlüğe giren 7315 sayılı Kanun hükümlerinin dikkate alınarak değerlendirme yapılması gerektiğini belirtmiştir. Mahkeme, dava konusu işlemin 7315 sayılı Kanun çerçevesinde incelenip incelenmediğinin araştırılmadığını ve bu yönüyle eksik hukuki değerlendirme yapıldığını tespit etmiştir. Bu nedenle işlemin hukuka uygunluğu hakkında yeniden inceleme yapılması gerektiği sonucuna ulaşılmıştır. Sonuç olarak, Bölge İdare Mahkemesi kararı bozulmuş ve dosya yeniden karar verilmek üzere ilgili mahkemeye gönderilmiştir.s"
sosyal_guvenlik_1,sosyal_guvenlik,sosyal_guvenlik_1.txt,sosyal_guvenlik_ozet_1.txt,"DAVA KONUSU:
Dava konusu istem: ... Sosyal Güvenlik İl Müdürlüğü ... Sosyal Güvenlik Merkezinde şef kadrosunda görev yapan davacı tarafından; Sosyal Güvenlik Kurumu Personeli Atama ve Yer Değiştirme Yönetmeliği'nin 6. maddesinde sayılan kadrolar için Yönetmeliğin 8. maddesinde sayılan hizmet bölgelerindeki süreleri aşamayacağı hüküm altına alındığından bahisle Bağcılar Sosyal Güvenlik Merkezinde merkez müdürü olarak görev yapan ...'nin, Sosyal Güvenlik Kurumu Personeli Atama ve Yer Değiştirme Yönetmeliği'nin 9. maddesine göre zorunlu yer değiştirmeye tabi tutulmamasına dair işlem ile işlemin dayanağı olan ... tarih ve ... sayılı yazının iptali istenilmiştir.

TEMYİZ İDDİALARI:
TEMYİZ EDENLERİN İDDİALARI : Davacı tarafından, Sosyal Güvenlik Kurumu Personeli Atama ve Yer Değiştirme Yönetmeliği uyarınca 1. hizmet bölgesi olan ...'da zorunlu çalışma süresi 6 yıl olmasına rağmen, ...'nin 2015 yılından itibaren bu bölgede görev yaparak zorunlu hizmet süresini 2021 yılında doldurduğu, ilgilinin rotasyona tabi tutulmamak amacıyla bir alt kadro olan merkez müdür yardımcılığına geçtiği, ancak bu kadronun da Yönetmeliğin 6. maddesi uyarınca zorunlu yer değiştirmeye tabi kadrolar arasında yer alması nedeniyle İstanbul'da görev yapmaya devam etmesinin Yönetmeliğin 6., 8. ve 9. maddelerinin açık ihlali niteliğinde olduğu, zorunlu yer değiştirmeye tabi olan yönetici kadrolarının mevzuata aykırı şekilde işgal edilmesinin, görevde yükselme sınavlarında adaylara açılacak kadroların boşalmasını engellediği, bu durumun görevde yükselme sınavına girecek adaylar arasında yer alan kendisi için doğrudan hak kaybına sebep olduğu ve bu sebeple dava konusu işlemlerle arasında meşru, kişisel ve güncel bir menfaat ilişkisi bulunduğu, ... İdare Mahkemesinin iptal kararı neticesinde merkez müdürü olma yolunun açıldığı ve bu durumun dava açma ehliyeti bakımından güncel ve kişisel menfa

KARŞI TARAF SAVUNMASI:
KARŞI TARAFIN SAVUNMASI : Davalı idare tarafından, Danıştay İkinci Dairesince davanın ehliyet yönünden reddine dair verilen kararın usul ve yasaya uygun olduğu, uyuşmazlığa konu personelin geçmiş dönemdeki mazeretleri, emeklilik beyanları ve pandemi süreci gibi haklı nedenlerle yerlerinde kalmalarının uygun görüldüğü, ilgilinin 2022 yılında kendi isteğiyle merkez müdür yardımcısı kadrosuna atandığı ve merkez müdürü görevini vekaleten yürüttüğü; Devlet Personel Başkanlığı görüşü uyarınca zorunlu çalışma süresi hesabında sadece asli kadroda geçen hizmet süresinin değerlendirilmesi gerektiği ve ilgilinin bu kadroda 1. bölge için öngörülen 6 yıllık süreyi henüz tamamlamadığı, şef kadrosunda bulunan davacının işlemle ilgili herhangi bir hak veya menfaat kaybının bulunmadığı ve idari makamlara ö

MADDİ OLAY:

HUKUKİ DEĞERLENDİRME:
HUKUKİ DEĞERLENDİRME :
Davacının, Daire kararının davanın ehliyet yönünden reddine ilişkin kısmına yönelik temyiz istemi yönünden;
Danıştay dava dairelerinin nihai kararlarının temyizen incelenerek bozulması, 2577 sayılı İdari Yargılama Usulü Kanunu'nun 49. maddesinde yer alan;
""a) Görev ve yetki dışında bir işe bakılmış olması,
b) Hukuka aykırı karar verilmesi,
c) Usul hükümlerinin uygulanmasında kararı etkileyebilecek nitelikte hata veya eksikliklerin bulunması"" sebeplerinden birinin varlığı hâlinde mümkündür.
Dayandığı hukuksal nedenler ve gerekçesi yukarıda açıklanan Danıştay İkinci Dairesi kararının davanın ehliyet yönünden reddine ilişkin kısmı, aynı gerekçe ile Kurulumuzca da uygun bulunmuş olup temyiz dilekçesinde ileri sürülen iddialar, kararın anılan kısmının bozulmasını gerektirecek nitelikte görülmemiştir.
Davalı idarenin, idareleri lehine vekâlet ücretine hükmedilmemesi ve yargılama gideri yönlerinden temyiz istemine gelince;
Danıştay İkinci Dairesinin temyize konu 28/03/2025 tarih ve E:2024/4380, K:2025/1607 sayılı kararı ile dava dosyası incelendiğinde, davanın ""ehliyet yönünden ret"" kararı ile

KARAR SONUCU:
KARAR SONUCU :
Açıklanan nedenlerle;
1. Tarafların temyiz istemlerinin reddine,
2. Davanın yukarıda özetlenen gerekçeyle ehliyet yönünden reddine ilişkin Danıştay İkinci Dairesinin temyize konu 28/03/2025 tarih ve E:2024/4380, K:2025/1607 sayılı kararının esasa ve yargılama giderlerine ilişkin kısmının ONANMASINA,
3. Anılan kararın vekâlet ücretine ilişkin kısmının, kararın hüküm fıkrasının ikinci sırasına, ""..., karar tarihinde yürürlükte olan Avukatlık Asgari Ücret Tarifesi uyarınca ...-TL vekâlet ücretinin davacıdan alınarak davalı idareye verilmesine,"" ibaresi eklenerek, düzeltilerek ONANMASINA,
4. Kesin olarak, 22/12/2025 tarihinde oyçokluğu ile karar verildi.

GEREKÇEDE","Davacı tarafından, bir sosyal güvenlik merkezi müdürünün zorunlu yer değiştirmeye tabi tutulmamasına ilişkin işlem ile bu işlemin dayanağı olan yazının iptali talep edilmiştir. Davacı, kurumda şef kadrosunda görev yaptığını, zorunlu yer değiştirmeye tabi yönetici kadrolarının mevzuata aykırı şekilde boşaltılmamasının görevde yükselme imkânlarını engellediğini ve bu nedenle dava konusu işlemlerle kişisel menfaat ilişkisinin bulunduğunu ileri sürmüştür. Davalı idare ise davacının zorunlu yer değiştirmeye tabi kadrolarda görev yapmadığını, dava konusu işlemden doğrudan etkilenmediğini ve bu nedenle dava açma ehliyetinin bulunmadığını savunmuştur. Danıştay, iptal davalarında dava açabilmek için işlemin davacıyla meşru, kişisel, güncel ve doğrudan bir menfaat ilişkisi içinde olması gerektiğini vurgulamıştır. Mahkeme, davacının şef kadrosunda bulunması nedeniyle dava konusu bireysel işlemden doğrudan etkilendiğinin kabul edilemeyeceğini ve işlemle arasında hukuken korunmaya değer bir menfaat bağının kurulamadığını değerlendirmiştir. Bu nedenle davanın ehliyet yönünden reddedilmesinde hukuka aykırılık bulunmadığı sonucuna ulaşılmıştır. Ayrıca, davalı idarenin vekille temsil edilmesine rağmen lehine vekâlet ücretine hükmedilmemesinin hukuki bir eksiklik olduğu kabul edilerek karar bu yönüyle düzeltilmiştir. Sonuç olarak, davanın ehliyet yönünden reddine ilişkin karar onanmış, davalı idare lehine vekâlet ücretine hükmedilmek suretiyle karar düzeltilerek onanmıştır.s"
egitim_3,egitim,egitim_3.txt,egitim_ozet_3.txt,"Danıştay 5. Daire Başkanlığı 2026/652 E. , 2026/473 K.

""İçtihat Metni""
T.C.
D A N I Ş T A Y
BEŞİNCİ DAİRE
Esas No : 2026/652
Karar No : 2026/473

YETKİLİ YARGI YERİNİN BELİRLENMESİ KARARI

Kahramanmaraş ili Onikişubat ilçesi, ... ilkokulunda öğretmen olarak görev yapmakta iken, 672 sayılı Kanun Hükmünde Kararname ile kamu görevinden çıkarılan ve Olağanüstü Hal (OHAL) İşlemleri İnceleme Komisyonu kararıyla göreve iade edilen davacı ... vekili Av. ...n tarafından, müvekkilinin, kamu görevinden çıkarılması nedeniyle uğramış olduğu manevi zararına karşılık 150.000,00-TL manevi tazminatın yasal faiziyle birlikte ödenmesine karar verilmesi istemiyle Milli Eğitim Bakanlığına karşı açılan davada verilen Ankara 11. İdare ve Kahramanmaraş 3. İdare Mahkemelerinin davanın yetki yönünden reddine dair kararları sonucunda, anılan iki Mahkeme arasında çıkan yetki uyuşmazlığı 2577 sayılı İdari Yargılama Usulü Kanunu'nun 43. maddesinin 1. fıkrasının (b) bendi uyarınca incelenerek gereği görüşüldü:
2577 sayılı İdari Yargılama Usulü Kanunu'nun ""Tam Yargı Davalarında Yetki"" başlıklı 36. maddesinin ""a"" bendinde, tam yargı davalarında yetkili mahkemenin zararı doğuran idari uyuşmazlığı çözümlemeye yetkili idari mahkemesi olduğuna ilişkin genel yetki kuralı yer almakta olup, aynı Kanun'un 33. maddesinde kamu görevlileri ile ilgili davalarda yetki kuralı açıklanmış ve anılan maddenin 3. fıkrasında uyuşmazlığın kamu görevlisinin özlük ve parasal haklarına ilişkin olması durumunda yetkili mahkemenin ilgilinin görevli bulunduğu yer mahkemesi olduğu kurala bağlanmıştır. 01/02/2018 tarih ve 7075 sayılı OHAL İşlemleri İnceleme Komisyonu Kurulması Hakkında Kanun Hükmünde Kararnamenin Değiştirilerek Kabul Edilmesine Dair Kanun'un 1. maddesinde ise, başka bir idari işlem tesis edilmeksizin doğrudan KHK ile tesis edilen işlemlere ilişkin başvuruları değerlendirmek ve karara bağlamak üzere OHAL İşlemleri İnceleme Komisyonu kurulduğu, OHAL İşlemleri İnceleme Komisyonu kararlarının uygulanmasını düzenleyen ""Kararların uygulanması"" başlıklı 10. maddesinin birinci fıkrasının son cümlesinde, Komisyon kararıyla göreve başlayanlara, kamu görevinden çıkarılmalarını takip eden aybaşından göreve başladıkları tarihe kadar geçen süreye tekabül eden mali ve sosyal haklarının ödeneceği, anılan Kanun'un ""Yargı denetimi"" başlıklı 11. maddesinin 1. fıkrasında da, Komisyon kararlarına karşı Hâkimler ve Savcılar Kurulunca belirlenecek Ankara idare mahkemelerinde ilgilinin en son görev yaptığı kurum veya kuruluş aleyhine iptal davası açılabileceği hükme bağlanmıştır.
Söz konusu uyuşmazlığın çözümlenebilmesi için öncelikle 2577 sayılı Kanun'un 36/a maddesinde yer alan tam yargı davalarındaki genel yetki kuralı uyarınca zararı doğuran idari uyuşmazlığın tespitinin yapılması, daha sonra da 2577 sayılı Kanun ve özel kanunlardaki hükümlere göre bu idari uyuşmazlığı çözümlemeye yetkili idare mahkemesinin belirlenmesi gerekmektedir.
KHK eki listelerde ismine yer verilmek suretiyle kamu görevinden çıkartılanlardan göreve iade edilenlerin parasal ve özlük hakları, 7075 sayılı Kanun'un 10. maddesi uyarınca Komisyon kararını uygulamakla yükümlü idare tarafından mali ve sosyal haklar kapsamında Kanun gereği ödenmektedir. Bu hakların ödenmesine ilişkin ortaya çıkan uyuşmazlıkların çözümlenmesi amacıyla açılan davalarda zararı doğuran işlem idare tarafından Komisyon kararı sonrası tesis edilen işlem olup bu sebeple uğranılan zararların kamu görevinden çıkarma ile illiyet bağı kesildiğinden, uyuşmazlığın","Davacı tarafından, Kanun Hükmünde Kararname ile kamu görevinden çıkarılması nedeniyle uğradığını ileri sürdüğü manevi zararların tazmini istemiyle açılan davada hangi idare mahkemesinin yetkili olduğunun belirlenmesi talep edilmiştir. Davacı, öğretmen olarak görev yapmakta iken kamu görevinden çıkarıldığını, daha sonra OHAL İşlemleri İnceleme Komisyonu kararıyla görevine iade edildiğini ve bu süreçte uğradığı manevi zararların tazmin edilmesi gerektiğini ileri sürmüştür. Ankara ve Kahramanmaraş İdare Mahkemeleri davayı yetki yönünden reddetmiş, bunun üzerine mahkemeler arasında yetki uyuşmazlığı ortaya çıkmıştır. Danıştay, tam yargı davalarında yetkinin belirlenebilmesi için öncelikle zarara neden olan idari işlemin tespit edilmesi gerektiğini değerlendirmiştir. Mahkeme, davacının talep ettiği manevi zararın kaynağının OHAL Komisyonu kararının uygulanmasına ilişkin işlemler değil, doğrudan Kanun Hükmünde Kararname ile kamu görevinden çıkarılması işlemi olduğunu belirtmiştir. Ayrıca, göreve iade edilen kişilere kanun gereği ödenen mali ve sosyal haklar dışında kalan maddi ve manevi zararların tazmini taleplerinin, kamu görevinden çıkarma işlemine ilişkin uyuşmazlığı çözmeye yetkili mahkemelerce incelenmesi gerektiğini vurgulamıştır. Bu nedenle, OHAL İşlemleri İnceleme Komisyonu kararıyla göreve iade edilen davacının manevi tazminat isteminden kaynaklanan uyuşmazlığın çözümünde özel yetkili Ankara İdare Mahkemelerinin görevli olduğu sonucuna ulaşılmıştır. Sonuç olarak, davanın görüm ve çözümünde Ankara İdare Mahkemelerinin yetkili olduğuna karar verilmiş ve dosyanın bu mahkemelere gönderilmesine hükmedilmiştir."
kamu_personeli_3,kamu_personeli,kamu_personeli_3.txt,kamu_personeli_ozet_3.txt,"DAVA KONUSU:
Dava Konusu İstem : Dava; davacı tarafından, hakkında yaptırılan güvenlik soruşturması ve arşiv araştırmasının olumsuz sonuçlanması nedeniyle Deniz Kuvvetleri Komutanlığında devam eden astsubay adaylığı eğitiminden ilişiğinin kesilmesine ilişkin davalı idare işleminin iptali istemiyle açılmıştır.

TEMYİZ İDDİALARI:
TEMYİZ EDENİN İDDİALARI : Davacı tarafından; 18 yaşından küçük ve çocuk olduğu tarihte yaşanan, adli para cezası verilmek suretiyle sonuçlanan olayla ilgili olarak güvenlik soruşturması ve arşiv araştırmasının olumsuz sonuçlandığı gerekçesiyle tesis edilen işlemin hukuka aykırı olduğu, Mahkeme kararının bozulması gerektiği ileri sürülmektedir.

KARŞI TARAF SAVUNMASI:
KARŞI TARAFIN CEVABI : Temyiz isteminin reddi gerektiği ileri sürülmektedir.

MADDİ OLAY:
MADDİ OLAY :
Davacı tarafından, hakkında yaptırılan güvenlik soruşturması ve arşiv araştırmasının olumsuz sonuçlanması nedeniyle Deniz Kuvvetleri Komutanlığında devam eden astsubay adaylığı eğitiminden ilişiğinin kesilmesine ilişkin davalı idare işleminin iptali istemiyle temyizen incelenmekte olan davanın açıldığı anlaşılmaktadır.

HUKUKİ DEĞERLENDİRME:
HUKUKİ DEĞERLENDİRME :
Dava konusu işlem tarihinde güvenlik soruşturması ve arşiv araştırması, 4045 sayılı Kanun hükümleri uyarınca yapılmaktadır. Anılan Kanun'un 1. maddesinin Anayasa Mahkemesinin yukarıda belirtilen kararı ile iptal edilmesi ve 4045 sayılı Kanun uyarınca yapılan işlemlere yönelik bireysel başvurularda verilen ihlal kararları dikkate alınarak Kanun koyucu tarafından 7315 sayılı Kanun yürürlüğe konulmuş ve 4045 sayılı Kanun yürürlükten kaldırılmıştır.
7315 sayılı Kanun'la, Anayasa Mahkemesi kararları doğrultusunda, güvenlik soruşturması ve/veya arşiv araştırmasının yapılmasına ve elde edilecek verilerin kullanılmasına ilişkin temel ilkeler belirlenmiş; güvenlik soruşturması ile arşiv araştırmasının kimler hakkında yapılacağı, araştırma konusu edilecek bilgi ve belgelerin neler olduğu, bu bilgilerin ne şekilde kullanılacağı, hangi mercilerce soruşturma ve araştırma yapılacağı, bu kapsamda değerlendirme komisyonunun oluşumu ve çalışma usul, esasları, kişisel veri güvenliği ile kişisel verilerin saklanma ve silinme süreleri düzenlenmiştir.
Bu itibarla, Anayasa Mahkemesinin kararlarındaki kanuni düzeyde eksik düzenleme bulunduğu yolundaki gerekçeler göz önüne alınmak suretiyle kanun koyucu tarafından 7315 sayılı Kanun'la yeni yasal düzenleme yapılmak suretiyle bu konudaki eksiklikler giderildiğinden; somut olayda, kişisel verilerin güvenliğinin sağlanması ve özel hayatın gizliliğinin korunması amacına yönelik olarak 7315 sayılı Kanun ile getirilen çerçevede değerlendirme yapılması gerektiği sonucuna varılmıştır. Nitekim 7315 sayılı Kanun'un yürürlüğe girdiği tarihten sonra Danıştay İdari Dava Daireleri Kurulunun pek çok kararında (19/06/2023 günlü, E:2022/884, K:2023/1488; 09/02/2023 günlü, E:2022/667, K:2023/211; 23/01/2023 günlü, E:2022/882, K:2023/53) sayılı kararları.) güvenlik soruşturması ve arşiv araştırması kaynaklı uyuşmazlıklarda 7315 sayılı Kanun çerçevesinde değerlendirme yapılması gerektiği belirtilmiştir.
Uyuşmazlık; idarenin bilgi notunda yer alan davacıya ilişkin İstanbul Anadolu 3. Çocuk Mahkemesince verilen mahkumiyet kararı kayıtlarının, aday değerlendirme kuruluna verilmesi ve anılan kurul tarafından yapılan olumsuz değerlendirmeden kaynaklanmaktadır.
Uyuşmazlığı çözebilmek için; davacının çocuk sıfatıyla yargılandığı davaya ilişkin karar kayıtlarına, güvenlik soruşturması ve arşiv araştırması yapanların ulaşıp ulaşamayacağının tespit edilmesi gerekmektedir.
Yukarıda yer verilen 4721 ve 5237 sayılı Yasa kuralları birlikte değerlendirildiğinde, 18 yaşını doldurmamış her kişinin çocuk sayıldığı, kişinin 18 yaşından önce ergin (reşit) olsa dahi çocuk sayılmaya devam edileceği, 5237 sayılı Türk Ceza Kanunu'nun 53. maddesinin 4. fıkrasına göre de fiili işlediği sırada 18 yaşından küçük olan kişilerin 53. maddenin 1. fıkrasında yer alan haklardan yoksun bırakılmasına karar verilmeyeceği görülmektedir.
Diğer yandan ülkemiz, 20-30 Eylül 1990 tarihinde Birleşmiş Milletler Genel Merkezinde toplanan Çocuklar İçin Dünya Zirve

KARAR SONUCU:
KARAR SONUCU :
Açıklanan nedenlerle;
1. DAVACININ TEMYİZ İSTEMİNİN KABULÜNE,
2. ... Bölge İdare Mahkemesi, ... İdari Dava Dairesince verilen ... günlü, E:..., K:... sayılı kararın, 2577 sayılı İdari Yargılama Usulü Kanunu'nun 49. maddesinin 2/b fıkrası uyarınca BOZULMASINA,
3. Kullanılmayan ...-TL yürütmenin durdurulması harcının davacıya iadesine,
4. 2577 sayılı İdari Yargılama Usulü Kanunu'nun 6545 sayılı Kanun'la değişik 50. maddesinin 2. fıkrası gereğince ve yukarıda belirtilen hususlar da gözetilerek yeniden bir karar verilmek üzere dosyanın, kararı veren ... Bölge İdare Mahkemesi ... İdari Dava Dairesine gönderilmesine,
5. 2577 sayılı İdari Yargılama Usulü Kanunu'na 6545 sayılı Kanun'un 27. maddesi ile eklenen Geçici 8. maddesi uyarınca karar düzeltme yolu kapalı olmak üzere, 03/12/2","Davacı tarafından, hakkında yapılan güvenlik soruşturması ve arşiv araştırmasının olumsuz sonuçlanması nedeniyle Deniz Kuvvetleri Komutanlığındaki astsubay adaylığı eğitiminden ilişiğinin kesilmesine ilişkin işlemin iptali talep edilmiştir. Davacı, çocuk yaşta işlediği bir fiil nedeniyle verilen adli para cezasına dayanılarak güvenlik soruşturmasının olumsuz değerlendirilmesinin hukuka aykırı olduğunu ileri sürmüştür. Davalı idare ise güvenlik soruşturması kapsamında elde edilen ceza yargılamasına ilişkin bilgiler doğrultusunda işlemin tesis edildiğini savunmuştur. Bölge İdare Mahkemesi, davacının çocuk mahkemesinde yargılandığı ve mahkûmiyet kararlarının kesinleştiği gerekçesiyle işlemi hukuka uygun bulmuş ve davayı reddetmiştir. Danıştay, çocukların adli sicil ve arşiv kayıtlarının yalnızca soruşturma ve kovuşturma kapsamında Cumhuriyet savcılıkları, hâkimler ve mahkemeler tarafından kullanılabileceğini, güvenlik soruşturması yapan idari makamların bu kayıtlara ulaşmasının hukuken mümkün olmadığını değerlendirmiştir. Mahkeme, çocuk yaşta işlenen fiillere ilişkin kayıtların güvenlik soruşturmasında kullanılmasının özel hayata saygı hakkını ihlal ettiğini ve 5352 sayılı Kanun’a aykırı olduğunu belirtmiştir. Bu nedenle davacının çocuk sıfatıyla yargılandığı davaya ilişkin kayıtlar esas alınarak adaylık eğitiminden ilişiğinin kesilmesine yönelik işlemde hukuka uygunluk bulunmadığı sonucuna ulaşılmıştır. Sonuç olarak, Bölge İdare Mahkemesi kararı bozulmuş ve dosya yeniden karar verilmek üzere ilgili mahkemeye gönderilmiştir."
imar_3,imar,imar_3.txt,imar_ozet_3.txt,"DAVA KONUSU:
Dava konusu istem: Edirne ili, Uzunköprü ilçesi, ... mahallesinde bulunan ... nolu müracaata ve ... ve ... parsel sayılı taşınmazlara ilişkin olarak ... adına 08/07/2020 tarihli özel ağaçlandırma tahsis/hak sahipliği belgesi düzenlenmesine ilişkin işlemin iptali istenilmektedir.

TEMYİZ İDDİALARI:
TEMYİZ EDENİN İDDİALARI : Davalı idare tarafından, dava konusu sahaların amenajman planında ve mevcut durumu ile verimli orman alanı olmadığından özel ağaçlandırmaya konu olabilecek sahalardan olduğu ileri sürülmektedir.

KARŞI TARAF SAVUNMASI:
KARŞI TARAFIN SAVUNMASI : Davacı tarafından savunma verilmemiştir.

MADDİ OLAY:
MADDİ OLAY :
Edirne Orman İşletme Müdürlüğünün ... tarih ve ... sayılı yazısı ile belediye mücavir alanı içerisinde kalan ... ve ... parsel sayılı (..., ..., ..., ... numaralı başvuru alanları) taşınmazlar için özel ağaçlandırma başvuruları bulunduğundan bahisle ilgili alanların uygulama imar planları içerisinde kalıp kalmadığının davacı Uzunköprü Belediye Başkanlığından sorulması üzerine davacı tarafından ... tarih ve ... sayılı yazı ile özel ağaçlandırmaya ilişkin tesis edilen işlemlerin, başvurucular hakkında hak sahipliği tutanağı düzenlenip düzenlenmediğinin, düzenlendi ise bilgilerinin sunulmasının Edirne Orman İşletme Müdürlüğünden istenildiği, buna istinaden ilgili idarece davacıya verilen ... tarih ve ... sayılı cevabi yazıda, Edirne ili, Uzunköprü ilçesi, ... mahallesi hudutlarındaki orman sayılan alanlar için 2020 Nisan döneminde yapılmış 4 adet (..., ..., ..., ... nolu müracaatlar) özel ağaçlandırma talebi için 08/07/2020 tarihinde hak sahipliği tutanaklarının düzenlendiğinin belirtilmesi üzerine davacı tarafından, hak sahipliği belgesi düzenlenen alanların Ağaçlandırma Yönetmeliği'nin 8. maddesine göre özel ağaçlandırmaya konu edilmemesi gereken yerler olduğu iddiasıyla Edirne ili, Uzunköprü ilçesi, ... mahallesi, ... nolu müracaata ve ... ve ... parsel sayılı taşınmazlara ilişkin olarak ... adına 08/07/2020 tarihli özel ağaçlandırma tahsis/hak sahipliği belgesi düzenlenmesine ilişkin işlemin iptali istemiyle bakılmakta olan davanın açıldığı anlaşılmıştır.

HUKUKİ DEĞERLENDİRME:
HUKUKİ DEĞERLENDİRME:
Uyuşmazlığın çözümü için yapılan keşif ve bilirkişi incelemesi sonucunda düzenlenen raporda, tahsise konu 61 nolu
bölme içinde bulunan BMc-2 sembollü meşcere alanı bozuk meşe olarak belirtildiği, tahsis
yerinin batısında ve aynı bölme içinde bulunan Mcab3 sembollü meşe meşceresi arasında, verimlilik yönüyle fark olmadığı gibi, meşe ve diğer ağaç ve ağaççık topluluğu türleri ve
kapalılık oranı yönünden birbirine benzediği, orman bütünlüğünün olduğu, yine tahsise konu bölmenin güneyinde mera ( me-5 ) sahası bulunduğu, Yönetmeliğin 8. maddesinin 2/a, b fıkralarına göre 61, 63 nolu bölmeler içindeki tahsis alanındaki, bozuk meşe, mera ve ziraat
alanlarında yapılacak özel ağaçlandırma çalışmalarının uygun olmayacağı belirtilmekle birlikte, aynı bilirkişi raporunda, orman yönüyle yapılan incelemede 61 nolu bölmenin tahsise konu kısmının kuzeyinin büyük oranda orman ağaç ve örtüsü ile kaplı olduğu, güney kısmında az oranda açıklık alan olduğu, 63 nolu bölmenin tahsise konu kısmının az miktarda (ziraat alanı) açıklık alanı kapsadığı, yıllar içinde omana yapılan işgal, faydalanma ve kaçak kesimlerden dolayı ormanın kısmen de olsa ağaç türlerinin azaldığı, yine de orman bütünlüğünün bozulmadığı, açıklık alanların meşe ve mıntıkada yetişen orman ağaçlarından olan türlerden ağaçlandırma yapılması gerektiği, tahsise konu alanın büyük kısmının içindeki ormanın bozuk orman olmadığı, verimli orman olduğu, yerini benimsediği, bonitetinin iyi olduğu belirtilmiştir.
Başka bir ifadeyle, bilirkişi raporunda dava konusu alana ilişkin iki farklı değerlendirme yapılmıştır. Bunlardan ilki, her ne kadar dava konusu alanların mera alanı olması ile ağaçlandırmanın meşe dışında ceviz ve benzeri meyve ağaçlarıyla yapılacak olması nedeniyle uygun olmadığı yönünde görüş ve kanaat bildirilmiş ise de, dava konusu alanların bir kısmının açıklık bozuk orman niteliğinde olduğu da tespit edilmiştir. Bu haliyle Ağaçlandırma Yönetmeliğinin 8. maddesinin 1. fıkrasında yer alan ve özel ağaçlandırma izni verilebilecek amenajman planında ve aktüelde verimli orman olmayan yerlerden olduğu da aynı şekilde ortaya konulmuştur.
Ancak, ikinci olarak, bilirkişi raporunda tahsise konu alanın büyük kısmının içindeki ormanın bozuk orman olmadığı, verimli orman olduğu tespitine yer verildiğinden, verimli orman olan alanların Ağaçlandırma Yönetmeliğinin 8. maddesinin 1. fıkrası uyarınca izin verilebilecek yerlerden olmadığında tereddüt bulunmamaktadır.
Diğer taraftan, raporda yer verilen dava konusu yerdeki asıl ve kadim orman ağacının meşe olduğu ve ağaçlandırmanın da ceviz ve benzeri ağaçlarla değil de meşe ile yapılması gerektiği yönündeki kanaate, 7310 sayılı Ağaçlandırma Tamimi uyarınca cevizin ağaçlandırma yapılabilecek ağaç türlerinden olması nedeniyle katılmak mümkün değildir.
Dolayısıyla, bilirkişi raporundaki tespitler dikkate alındığında, dava konusu alanın ağaçlandırma izni verilebilecek yerlerden olduğu sonucuna varılmıştır. Bununla birlikte, dava konusu alanda verim

KARAR SONUCU:
KARAR SONUCU:
Açıklanan nedenlerle;
1. 2577 sayılı Kanun'un 49. maddesine uygun bulunan temyiz isteminin kabulüne,
2. ... Bölge İdare Mahkemesi ...İdari Dava Dairesinin...tarih ve E:..., K:... sayılı kararının BOZULMASINA,
3. Yeniden bir karar verilmek üzere dosyanın yukarıda belirtilen Bölge İdare Mahkemesi İdari Dava Dairesine gönderilmesine,
4. Kesin olarak 15/12/2025 tarihinde oybirliği ile karar verildi.","Davacı tarafından, 6292 sayılı Kanun kapsamında bir taşınmazın bedeli karşılığında kendisine satılması talebiyle yaptığı başvurunun reddine ilişkin işlemin iptali talep edilmiştir. Davacı, taşınmazın satışına engel bir durum bulunmadığını ve başvurusunun hukuka aykırı şekilde reddedildiğini ileri sürmüştür. Davalı idare ise taşınmazın önceki maliklere iadesine ilişkin işlemlerin ve bu işlemlere karşı açılan davaların devam ettiğini belirterek satış talebinin değerlendirilemeyeceğini savunmuştur. İlk derece mahkemesi davayı reddetmiş, Bölge İdare Mahkemesi ise davanın süre aşımı nedeniyle reddedilmesi gerektiği gerekçesiyle istinaf başvurusunu reddetmiştir. Danıştay, dava konusu işlemin tebliğ tarihinin idarece kesin şekilde ortaya konulamadığını, bu nedenle mahkemeye erişim hakkı ve adil yargılanma hakkı gereği davanın süresinde açıldığının kabul edilmesi gerektiğini değerlendirmiştir. Ayrıca, taşınmazın önceki maliklere iadesine ilişkin işlemlerin hukuka aykırı bulunduğuna dair kesinleşmiş yargı kararları dikkate alınmaksızın, yalnızca iade sürecinin devam ettiği gerekçesiyle satış talebinin reddedilmesinin hukuka uygun olmadığını belirtmiştir. Mahkeme, davacının satış talebinin ilgili mevzuatta öngörülen şartlar yönünden yeniden değerlendirilmesi gerektiği sonucuna ulaşmıştır. Sonuç olarak, Bölge İdare Mahkemesi kararı bozulmuş ve dosya yeniden karar verilmek üzere ilgili mahkemeye gönderilmiştir."
kamu_personeli_1,kamu_personeli,kamu_personeli_1.txt,kamu_personeli_ozet_1.txt,"DAVA KONUSU:
Dava konusu istem: Bitlis ili, 75. Yıl Cumhuriyet İlkokulunda yardımcı hizmetler sınıfında hizmetli unvanı ile görev yapan davacının, engelli kadrosuna yapılan atamasının, 657 sayılı Devlet Memurları Kanunu'nun 98. maddesinin birinci fıkrasının (b) bendi uyarınca iptal edilmesine ilişkin Bitlis Valiliği İl Milli Eğitim Müdürlüğünün ... tarih ve ... sayılı işleminin iptali istenilmiştir.

TEMYİZ İDDİALARI:
TEMYİZ EDENİN İDDİALARI : Davalı idare tarafından, davacının memuriyete atanmasına esas teşkil eden sağlık kurulu raporuna hastane arşivinde rastlanmadığı ve raporda yer alan ""..."" protokol numarasının başka bir hastaya ait olduğunun tespit edildiği, ... Ağır Ceza Mahkemesince verilen beraat kararında dahi raporun aldatma kabiliyeti bulunmasa bile sahteliğinin açıkça ortaya konulduğu, Diyarbakır Kriminal Polis Laboratuvarı tarafından düzenlenen uzmanlık raporu ile belgenin külliyen sahte ve aldatma kabiliyetini haiz olduğunun bilimsel olarak kanıtlandığı, idari işlemin sebep ve konu unsurlarını oluşturan raporun sahte olmasının, işlemi kanuna aykırı ve hukuken sakat hale getirdiği, bu nedenle, hukuka aykırı dayanağa istinaden tesis edilen atama işleminin iptaline yönelik ısrar kararının usul ve yasaya aykırı olduğu gerekçesiyle bozulması gerektiği ileri sürülmektedir.

KARŞI TARAF SAVUNMASI:
KARŞI TARAFIN SAVUNMASI : Davacı tarafından, resmi belgede sahtecilik suçundan hakkında verilen beraat kararının kesinleştiği ve ceza mahkemesi kararlarının bağlayıcı olduğu, belgede sahtecilik ve iğfal kabiliyeti hususundaki takdir yetkisinin münhasıran mahkemeye ait olduğu, dolayısıyla mahkeme emrindeki kolluk biriminin raporunun, mahkeme hükmüne üstün tutulamayacağı, Diyarbakır Kriminal Polis Laboratuvarı raporunda, iddia edilenin aksine, belgenin ""külliyen sahte"" olduğuna dair bir ifadenin yer almadığı, raporun sonuç kısmında belgenin aksi ispat edilene kadar muteber kabul edilmesi gerektiğinin belirtildiği, atama iptali sürecinde şahsi başvurusuyla aldığı %57 engel oranını gösteren 02/07/2018 tarihli raporun gerçek engel durumunu kanıtladığı ve bu raporun Danıştay tarafından hiç tartı

MADDİ OLAY:
MADDİ OLAY :
Bitlis ili, 75. Yıl Cumhuriyet İlkokulunda yardımcı hizmetler sınıfında hizmetli kadrosunda görev yapan davacı hakkında; 2015 yılı EKPSS yerleştirme sonuçlarına göre engelli kontenjanından atanmasına esas teşkil eden sağlık kurulu raporunun sahte olduğu yönündeki iddialar nedeniyle Millî Eğitim Bakanlığı Teftiş Kurulu Başkanlığının... tarih ve ...sayılı Makam Oluru ile inceleme-soruşturma başlatılmıştır.
Soruşturma sürecinde Bitlis-Tatvan Devlet Hastanesi Başhekimliğinin ... tarih ve ... sayılı yazısı ile; davacı adına düzenlenen ... tarih ve ... sayılı engelli sağlık kurulu raporunun aslına hastane arşivinde yapılan geniş kapsamlı taramalarda rastlanılmadığı, mezkur protokol numarasının sistem kayıtlarında başka bir şahsa ait olduğu ve raporun ilgili hastane tarafından düzenlenmediği bildirilmiştir.
Söz konusu soruşturma neticesinde, anılan hastane yazısı dikkate alınarak, davacının atanmasına esas teşkil eden engelli sağlık kurulu raporunun ilgili hastane tarafından düzenlenmediği ve sahte olduğunun anlaşıldığından bahisle 657 sayılı Devlet Memurları Kanunu'nun 98. maddesinin birinci fıkrasının (b) bendinde yer alan ""memurluğa alınma şartlarından herhangi birini taşımadığının sonradan anlaşılması"" şartının gerçekleştiği gerekçesiyle, Bitlis Valiliğinin ...tarih ve ... sayılı işlemi ile davacının görevine son verilmiş, bunun üzerine anılan işlemin iptali istemiyle temyizen incelenen dava açılmıştır.

HUKUKİ DEĞERLENDİRME:
HUKUKİ DEĞERLENDİRME :
657 sayılı Devlet Memurları Kanunu'nun 98. maddesinin birinci fıkrasının (b) bendinde, devlet memurlarının memurluğa alınma şartlarından herhangi birini taşımadığının sonradan anlaşılması veya memurlukları sırasında bu şartlardan herhangi birini kaybetmesi, Devlet memurluğunu sona erdiren sebepler arasında düzenlenmiştir. Engelli personel atamalarında, ilgili mevzuat uyarınca en az %40 oranında engel durumunu gösterir sağlık kurulu raporuna sahip olunması, memuriyete giriş için temel bir ""özel şart"" niteliğindedir.
Dosyanın incelenmesinden; davacının ...tarih ve ... sayılı engelli sağlık kurulu raporuna istinaden hizmetli kadrosuna atandığı, ancak yapılan teyit çalışmaları sonucunda bahse konu raporun Tatvan Devlet Hastanesi arşivinde bulunmadığı, ... protokol numarasının aslında N.A. isimli başka bir şahsa ait olduğu ve rapor üzerindeki T.C. kimlik numarasının elle değiştirildiği anlaşılmaktadır.
İdare Mahkemesince, davalı idarenin yalnızca raporun hastane arşivinde bulunmadığından hareketle işlem tesis ettiği, rapordaki imzaların gerçekliğinin, doktorların o tarihte görev yapıp yapmadığının ve hastane giriş kayıtlarının yeterince araştırılmadığı, davacının süreç içerisinde aldığı yeni raporlarla engel durumunu ispatladığı, dolayısıyla idarenin ""eksik inceleme"" ile işlem tesis ettiği gerekçelerine yer verilmiş; Bölge İdare Mahkemesi ise, davacı hakkında ""resmi belgede sahtecilik"" suçundan verilen beraat kararının, ... Bölge Adliye Mahkemesi ... Ceza Dairesinin 30/12/2021 tarihli kararıyla bozulduğunu ve anılan ceza yargılamasına ilişkin bozma kararında yer alan; ""davacının farklı tarihlerde aldığı raporlar arasındaki çelişkilerin giderilmesi için Adli Tıp Kurumundan rapor alınması ve maddi gerçeğin kuşkuya yer bırakmayacak şekilde tespiti gerektiği"" yönündeki değerlendirmelerin, İdare Mahkemesinin ""eksik inceleme"" gerekçesiyle uyumlu olduğunu belirterek ilk kararında ısrar etmiştir.
Ancak idari yargılama usulünde geçerli olan ""re'sen araştırma ilkesi"" uyarınca, idari işlemin sıhhatine ilişkin şüphelerin varlığı hâlinde, yargı yerinin bu eksikliği idareye rücu ederek değil, maddi gerçeği bizzat ortaya koyacak araştırma ve bilirkişi incelemeleriyle gidermesi asıldır. İdarenin işlem tesis ederken yaptığı incelemenin derinliği ne olursa olsun, yargılama aşamasında ulaşılan somut ve teknik bulguların, işlemin sebep unsuru yönünden kesin bir kanaat oluşturması durumunda, artık ""eksik inceleme"" gerekçesiyle iptal kararı verilmesi usul ekonomisine ve idari yargı denetiminin amacına uygun düşmeyecektir.
Ceza yargılamasındaki sürece bakıldığında ise; bozma kararı üzerine yapılan yargılama sonucunda ...Ağır Ceza Mahkemesinin...tarih ve E:..., K:...sayılı kararı ile davacının beraatine karar verildiği görülmektedir. Söz konusu beraat kararının gerekçesinde; ""her ne kadar Adli Tıp Kurumunca sanığın 2009 yılında da engel oranının %40'ın altında olduğu belirtilmiş ise de, mahkememizce yapılan gözlemde sanığa ait ... sayılı rapor ile diğe

KARAR SONUCU:
KARAR SONUCU :
Açıklanan nedenlerle;
1. Davalı idarenin temyiz isteminin kabulüne,
2. Dava konusu işlemin yukarıda özetlenen gerekçeyle iptaline ilişkin İdare Mahkemesi kararına yönelik yapılan istinaf başvurusunun reddi yolundaki ... Bölge İdare Mahkemesi ...İdari Dava Dairesinin temyize konu ... tarih ve E:..., K:... sayılı ısrar kararının BOZULMASINA,
3. Yeniden bir karar verilmek üzere dosyanın ... Bölge İdare Mahkemesi... İdari Dava Dairesine gönderilmesine, 08/12/2025 tarihinde, kesin olarak, esasta ve gerekçede oyçokluğu ile karar verildi.","Davacı tarafından, engelli kontenjanından hizmetli kadrosuna atanmasına esas alınan sağlık kurulu raporunun sahte olduğu gerekçesiyle memuriyetinin sona erdirilmesine ilişkin işlemin iptali talep edilmiştir. Davacı, hakkında verilen beraat kararını, sonradan aldığı sağlık kurulu raporlarını ve engellilik durumunun gerçek olduğunu ileri sürerek işlemin hukuka aykırı olduğunu savunmuştur. Davalı idare ise atamaya esas sağlık kurulu raporunun hastane kayıtlarında bulunmadığını, raporda yer alan protokol numarasının başka bir kişiye ait olduğunu ve yapılan incelemeler sonucunda raporun sahte olduğunun tespit edildiğini belirterek memuriyet şartlarının sonradan taşınmadığının ortaya çıktığını ileri sürmüştür. Danıştay İdari Dava Daireleri Kurulu, idari yargıda maddi gerçeğin re’sen araştırılması gerektiğini, ceza yargılamasındaki beraat kararının ise idari uyuşmazlığın çözümünde tek başına belirleyici olmadığını değerlendirmiştir. Kurul, dosyaya sonradan giren Adli Tıp Kurumu raporunda davacının hem raporun düzenlendiği tarihte hem de güncel durumda engel oranının mevzuatta aranan %40 seviyesinin altında olduğunun tespit edildiğine dikkat çekmiştir. Ayrıca atamaya esas alınan sağlık kurulu raporunun şekil ve içerik yönünden gerçeği yansıtmadığının ortaya konulduğu kabul edilmiştir. Bu nedenle davacının engelli kadrosuna atanabilmek için gerekli özel şartları atama tarihinde taşımadığı ve memuriyetinin sona erdirilmesine ilişkin işlemin hukuka uygun olduğu sonucuna ulaşılmıştır. Sonuç olarak, dava konusu işlemin iptaline ilişkin kararda ısrar eden Bölge İdare Mahkemesi kararı bozulmuş ve dosya yeniden karar verilmek üzere ilgili mahkemeye gönderilmiştir."
disiplin_4,disiplin,disiplin_4.txt,disiplin_ozet_4.txt,"DAVA KONUSU:
Dava konusu istem: 27/03/2002 tarih ve 24708 sayılı Resmî Gazete’de yayımlanan Özel Hastaneler Yönetmeliği'nin, 06/10/2022 tarih ve 31975 sayılı Resmî Gazete'de yayımlanan Özel Hastaneler Yönetmeliğinde Değişiklik Yapılmasına Dair Yönetmeliğin 3. maddesi ile değiştirilen ek 5. maddesinin birinci fıkrasının (ı) bendinin iptali istenilmiştir.

TEMYİZ İDDİALARI:
TEMYİZ EDENİN İDDİALARI : Davalı idare tarafından, davaya konu düzenlemenin üst hukuk normlarına, kamu yararına ve hizmet gereklerine uygun olarak tesis edildiği, hukuka aykırı ve iptalini gerektirecek bir yönünün bulunmadığı, temyize konu kararın iptale ilişkin kısımlarının bozulması gerektiği ileri sürülmektedir.

KARŞI TARAF SAVUNMASI:
KARŞI TARAFIN SAVUNMASI : Davacı tarafından, savunma verilmemiştir.

MADDİ OLAY:
MADDİ OLAY :
27/03/2002 tarih ve 24708 sayılı Resmî Gazete’de yayımlanan Özel Hastaneler Yönetmeliği'nin ""Özel hastanenin kalite ve verimliliğini artırmak amacıyla izin verilebilecek hususlar"" başlıklı ek 5. maddesinin birinci fıkrasının -22/03/2017 tarih ve 30015 sayılı Resmî Gazete'de yayımlanan Özel Hastaneler Yönetmeliğinde Değişiklik Yapılmasına Dair Yönetmeliğin 36. maddesi ile değişik- (ı) bendi;
""1219 sayılı Kanunun 12 nci maddesine uygun olmak kaydıyla mesleğini serbest olarak icra eden hekimler muayenehanesine müracaat eden hastalarının teşhis ve tedavisini özel hastanelerde yapabilirler. Hastaya sunulan teşhis ve tedavi hizmetlerinden muayenehane hekimi ve özel hastane müştereken sorumludur. Bu durumdaki hastalar, hastanedeki tedavi masraflarının kendileri tarafından karşılanacağı hususunda bilgilendirilir ve buna ilişkin rıza formu hastaya veya kanuni temsilcisine imzalatılır. Bu hekimlere hizmet sunan hastanenin mesul müdürü her ay sonu itibariyle tedavi edilen hasta sayısı ve hekim ismi ile rıza formunu müdürlüğe bildirir. Ayrıca bu şekilde tedavi gören hastalara ayrıntılı fatura düzenlenir."" şeklinde iken,
06/10/2022 tarih ve 31975 sayılı Resmî Gazete'de yayımlanan Özel Hastaneler Yönetmeliğinde Değişiklik Yapılmasına Dair Yönetmeliğin 3. maddesi ile,
""Muayenehanesi bulunan hekimler, 1219 sayılı Kanunun 12 nci maddesinin üçüncü fıkrası gereğince hizmet bedeli hasta tarafından karşılanmak ve Sosyal Güvenlik Kurumundan talep edilmemek kaydıyla, muayenehanesine mü

HUKUKİ DEĞERLENDİRME:
HUKUKİ DEĞERLENDİRME:
Yönetmeliğin 3. maddesi ile değiştirilen Özel Hastaneler Yönetmeliği'nin ek 5. maddesinin birinci fıkrasının (ı) bendinin birinci cümlesinde yer alan ""...yıllık sözleşme yapmak suretiyle ilgili branşta boş uzman hekim kadrosu olması halinde ..."" ibaresi ile aynı bendin ikinci, üçüncü ve dördüncü cümleleri yönünden;
Yönetmeliğin dava konusu kısımlarında, mesleğini serbest olarak icra eden hekimlerin muayenehanesine müracaat eden hastaların teşhis ve tedavilerini özel hastanelerde yapabilmeleri, hekim ile özel hastane arasında yıllık sözleşme yapılması ve hastanenin ilgili branşta boş uzman hekim kadrosu bulunması şartlarına bağlanmış, hastanenin boş uzman hekim kadrosunun olmaması durumunda, ruhsatında veya faaliyet izin belgesinde kayıtlı uzman hekim branşlarındaki toplam kadro sayısının %15’ine kadar uzman hekimle sözleşme imzalanabileceği, aynı branşta birden fazla hekimle sözleşme imzalanmak istenmesi durumunda ise, ilgili branşın toplam kadro sayısının üçte birinden fazla uzman hekim ile sözleşme imzalanamayacağı, yapılan sözleşmenin taraflarca imzalanmış nüshasının ise, özel hastane tarafından SKYS’ye ekleneceği ve müdürlüğe gönderileceği düzenlenmiştir.
Her ne kadar dava devam ederken, dava konusu düzenlemelerde bir takım değişikliklere gidilmiş ise de, muayenehaneye başvuran hastaların teşhis ve tedavilerinin özel hastanelerde yapılabilmesi için getirilen kısıtlamaların benzer şekilde devam ettiği, davacının hukuka aykırılık iddialarının ortadan kalkmadığı, anılan değişikliklerin dava konusu düzenlemelerin hukuka uygunluk denetimine engel teşkil etmediği anlaşıldığından, işin esasının incelenmesi gerekmektedir.
1219 sayılı Kanun'un 12. maddesi uyarınca, tabip, diş tabibi ve tıpta uzmanlık mevzuatına göre uzman olanların, Sağlık Bakanlığınca yapılan istihdam planlamaları çerçevesinde ve anılan maddenin ikinci fıkrasının her bir bendi kapsamında olmak kaydıyla, birden fazla sağlık kurum ve kuruluşunda çalışabilme hakkına sahip oldukları, bunlardan mesleğini serbest olarak icra edenlerin, hizmet bedeli hasta tarafından karşılanmak ve Sosyal Güvenlik Kurumundan talep edilmemek kaydıyla, Sosyal Güvenlik Kurumu ve kamu kurumları ile sözleşmeli çalışan özel sağlık kurum ve kuruluşları ve vakıf üniversitelerinde de hastalarının teşhis ve tedavisini yapabilecekleri açıktır.
Bununla birlikte, 3359 sayılı Sağlık Hizmetleri Temel Kanunu'nun 3. maddesi, 1 sayılı Cumhurbaşkanlığı Kararnamesi'nin 355. maddesi ve bu düzenlemelere dayanılarak çıkarılan Özel Hastaneler Yönetmeliği hükümleri uyarınca Sağlık Bakanlığının, mevcut sağlık insan gücünü, kamu ve özel kurum ve kuruluşlar düzeyinde planlamaya ve istihdamın bu plan çerçevesinde yürütülmesini sağlamaya ve bunu denetlemeye yetkili olduğu hususu yerleşik Danıştay içtihatları ile sabittir.
Diğer yandan, Sağlık Bakanlığının sağlık insan gücünü planlama yetkisine ilişkin olarak, anılan mevzuat hükümlerinin yanı sıra, hekimlerin birden fazla yerde çalışabilmelerine ve mesleğini serbest

KARAR SONUCU:
KARAR SONUCU:
Açıklanan nedenlerle;
1. Davalı idarenin temyiz isteminin kabulüne,
2. Yukarıda özetlenen gerekçeyle kısmen davanın reddine, kısmen dava konusu düzenlemenin iptaline ilişkin, Danıştay Onuncu Dairesinin temyize konu 26/12/2024 tarih ve E:2022/6724, K:2024/7032 sayılı kararının iptale ilişkin kısımlarının BOZULMASINA,
3. Bozulan kısımlar yönünden yeniden bir karar verilmek üzere dosyanın anılan Daireye gönderilmesine,
4. Kesin olarak, 22/12/2025 tarihinde, oyçokluğu ile karar verildi.","Davacı tarafından, Özel Hastaneler Yönetmeliği’nde yapılan değişiklikle muayenehanesi bulunan hekimlerin hastalarını özel hastanelerde tedavi edebilmelerinin yıllık sözleşme yapılması, boş uzman hekim kadrosu bulunması, belirli kota sınırlamalarına uyulması ve sözleşmelerin idareye bildirilmesi şartlarına bağlanmasına ilişkin düzenlemenin iptali talep edilmiştir. Davacı, söz konusu koşulların kanunda öngörülmeyen ek sınırlamalar getirdiğini, çalışma özgürlüğünü kısıtladığını ve hukuka aykırı olduğunu ileri sürmüştür. Davalı idare ise düzenlemenin sağlık insan gücünün planlanması, sağlık hizmetlerinin dengeli dağılımının sağlanması, hasta ve hekimlerin denetlenmesi ile sağlık hizmetlerinin disiplin altına alınması amacıyla tesis edildiğini savunmuştur. İlk derece incelemesini yapan Danıştay Dairesi, yıllık sözleşme, boş kadro ve kota şartlarının bilimsel verilere dayandırılmadığı gerekçesiyle ilgili düzenlemeleri iptal etmiştir. Danıştay İdari Dava Daireleri Kurulu ise Sağlık Bakanlığının sağlık insan gücünü planlama ve sağlık hizmetlerini düzenleme konusunda kanundan kaynaklanan geniş yetkilere sahip olduğunu, dava konusu sınırlamaların planlamanın etkinliğini sağlama, istihdamda belirlilik oluşturma ve hasta güvenliğini koruma amacına hizmet ettiğini değerlendirmiştir. Kurul, düzenlemelerin üst hukuk normlarına, kamu yararına ve hizmet gereklerine aykırı olmadığı sonucuna ulaşmıştır. Bu nedenle ilk derece kararının iptale ilişkin kısımlarında hukuka uygunluk bulunmadığı kabul edilmiştir. Sonuç olarak, davalı idarenin temyiz istemi kabul edilmiş, iptal kararı verilen düzenlemelere ilişkin hüküm bozulmuş ve dosya yeniden karar verilmek üzere ilgili Daireye gönderilmiştir."
ihale_3,ihale,ihale_3.txt,ihale_ozet_3.txt,"DAVA KONUSU:
Dava konusu istem: Eskişehir ili, Sivrisihar ilçesi sınırları dahilinde bulunan Sicil: ... sayılı II (b) grubu (işletme talepli) ruhsatla ilgili işletme ruhsat talebinin uygun bulunmamasına ilişkin Maden ve Petrol İşleri Genel Müdürlüğünün ... tarih ve ... sayılı yazısıyla bildirilen Enerji ve Tabii Kaynaklar Bakanlığı Bağlı, İlgili ve İlişkili Kuruluşlar Taşınmaz Komisyonunun ... tarih ve ... sayılı kararının iptali istenilmiştir.

TEMYİZ İDDİALARI:
TEMYİZ EDENLERİN İDDİALARI : Davalı idareler tarafından, madenlerin taşınmaz mal niteliğinde olduğu, 2018/8 sayılı Cumhurbaşkanlığı Genelgesi doğrultusunda faaliyetlerini sürdüren Taşınmaz Komisyonunun dava konusu işlemi tesis etme yetkisinin bulunduğu ileri sürülmektedir.

KARŞI TARAF SAVUNMASI:
KARŞI TARAFIN SAVUNMASI : Davacı tarafından, istemlerin reddi gerektiği savunulmuştur.

MADDİ OLAY:
MADDİ OLAY :
Eskişehir ili, Sivrisihar ilçesi sınırları dahilinde bulunan Sicil: ... sayılı II (b) grubu (işletme talepli) ruhsatla ilgili işletme ruhsat talebinin uygun bulunmamasına ilişkin Maden ve Petrol İşleri Genel Müdürlüğünün ... tarih ve ... sayılı yazısıyla bildirilen Enerji ve Tabii Kaynaklar Bakanlığı Bağlı, İlgili ve İlişkili Kuruluşlar Taşınmaz Komisyonunun ... tarih ve ... sayılı kararının iptali istenilmiştir.

HUKUKİ DEĞERLENDİRME:
HUKUKİ DEĞERLENDİRME:
Yukarıda aktarılan mevzuat hükümleri incelendiğinde, ihale bedelinin yatırılması sonrasında ya da arama ruhsat süresinin sonuna kadar işletme ruhsatı talep edilen maden sahaları için; işletme ruhsat taban bedeli ve işletme ruhsat bedeli yatırılması, yetkilendirilmiş tüzel kişilerce maden mühendisinin sorumluluğunda hazırlanmış işletme projesi ve bu projenin uygulanabilmesi için gerekli olan mali yeterliliğine ilişkin belgelerin ve aktif edilmiş tebligata esas kayıtlı elektronik posta adresinin (KEP) veya kurumsal elektronik tebligat sistemi (e-Tebligat) adresinin verilmesi şartlarının yerine getirilmesi sonrasında, işletme ruhsat talebinin uygun görülmesi halinde Maden ve Petrol İşleri Genel Müdürlüğünce işletme ruhsatı düzenleneceği kurala bağlanmıştır.
2018/8 sayılı Cumhurbaşkanlığı Genelgesinde ise, kamu kurum ve kuruluşlarının mülkiyetinde veya tasarrufunda olan taşınmazlara yönelik satış, kira, irtifak, takas, tahsis, devir ve benzeri her türlü tasarrufa ilişkin işlemlerin komisyonlar vasıtasıyla yapılması ve söz konusu komisyonların izin başvuru ve

KARAR SONUCU:
KARAR SONUCU:
Açıklanan nedenlerle,
1. Temyiz istemlerinin reddine,
2. ... Bölge İdare Mahkemesi ... İdari Dava Dairesinin ... tarih ve E:..., K:... sayılı kararının yukarıda belirtilen gerekçeyle ONANMASINA,
3. Temyiz giderlerinin istemde bulunanlar üzerinde bırakılmasına, posta gideri avansından artan tutarın Mahkeme tarafından iadesine,
4. 2577 sayılı Kanunun 50. maddesi uyarınca onama kararının taraflara tebliğini ve bir örneğinin de belirtilen Bölge İdare Mahkemesine gönderilmesini teminen dosyanın İdare Mahkemesine gönderilmesine,
5. Kesin olarak, 16/12/2025 tarihinde esasta oybirliği, gerekçede oyçokluğu ile karar verildi.

GEREKÇEDE","Davacı şirket tarafından, bir maden sahasına ilişkin IV-C grubu arama ruhsatı talebinin reddedildiğinin bildirilmesine yönelik işlemin iptali talep edilmiştir. Davacı, arama ruhsatı başvurusunun herhangi bir somut ve hukuki gerekçe gösterilmeksizin reddedildiğini ileri sürerken, davalı idareler işlemin Taşınmaz Komisyonunun yetkisi kapsamında ve takdir yetkisine dayanılarak tesis edildiğini savunmuştur. İlk derece mahkemesi, ret kararının dayandığı maddi ve hukuki sebeplerin ne işlemde ne de yargılama sürecindeki savunmalarda ortaya konulamadığını belirterek işlemi iptal etmiş, bu karar istinaf incelemesinde de hukuka uygun bulunmuştur. Danıştay, Maden Kanunu uyarınca madencilik faaliyetlerine ilişkin kısıtlamaların ancak kanunla getirilebileceğini, arama faaliyetlerinin kanunda öngörülmeyen ek izin veya onay şartlarına tabi tutulamayacağını değerlendirmiştir. Mahkeme ayrıca idarenin takdir yetkisine sahip olmakla birlikte bu yetkinin kamu yararı ve hizmet gerekleri doğrultusunda somut gerekçelere dayanılarak kullanılmasının zorunlu olduğunu vurgulamıştır. Olayda ise davalı idareler tarafından ret işlemini haklı kılacak herhangi bir maddi veya hukuki sebebin ortaya konulamadığı tespit edilmiştir. Bu nedenle salt takdir yetkisine dayanılarak ve gerekçe gösterilmeksizin tesis edilen işlemin hukuka uygun olmadığı sonucuna ulaşılmıştır. Sonuç olarak, dava konusu işlemin iptaline ilişkin karar onanmış, ancak bu kararın davacıya doğrudan arama ruhsatı verilmesi sonucunu doğurmayacağı ve idarenin mevzuat çerçevesinde yeniden değerlendirme yapabileceği belirtilmiştir."
saglık_1,saglık,saglık_1.txt,saglik_ozet_1.txt,"Danıştay 5. Daire Başkanlığı 2026/827 E. , 2026/1680 K.

""İçtihat Metni""
T.C.
D A N I Ş T A Y
BEŞİNCİ DAİRE
Esas No : 2026/827
Karar No : 2026/1680

YETKİLİ YARGI YERİNİN BELİRLENMESİ KARARI

Sağlık Bakanlığı bünyesinde veri hazırlama ve kontrol işletmeni olarak görev yapmakta iken, 679 sayılı Kanun Hükmünde Kararname (KHK) ile kamu görevinden çıkarılan ve sonrasında yargı kararıyla görevine iade edilen davacı ... vekili Av. ... tarafından, müvekkilinin, kamu görevinden çıkarılması nedeniyle uğramış olduğu manevi zararlarına karşılık 150.000,00 TL manevi tazminatın yasal faiziyle birlikte ödenmesine karar verilmesi istemiyle Sağlık Bakanlığı'na karşı açılan davada verilen Ankara 4. İdare ve Yozgat İdare Mahkemelerinin davanın yetki yönünden reddine dair kararları sonucunda, anılan iki Mahkeme arasında çıkan yetki uyuşmazlığı 2577 sayılı İdari Yargılama Usulü Kanunu'nun 43. maddesinin 1. fıkrasının (b) bendi uyarınca incelenerek gereği görüşüldü:
2577 sayılı İdari Yargılama Usulü Kanunu'nun ""Tam Yargı Davalarında Yetki"" başlıklı 36. maddesinin ""a"" bendinde tam yargı davalarında yetkili mahkemenin zararı doğuran idari uyuşmazlığı çözümlemeye yetkili idari mahkemesi olduğuna ilişkin genel yetki kuralı yer almaktadır. 01/02/2018 tarih ve 7075 sayılı OHAL İşlemleri İnceleme Komisyonu Kurulması Hakkında Kanun Hükmünde Kararnamenin Değiştirilerek Kabul Edilmesine Dair Kanun'un 1. maddesinde ise, başka bir idari işlem tesis edilmeksizin doğrudan KHK ile tesis edilen işlemlere ilişkin başvuruları değerlendirmek ve karara bağlamak üzere OHAL İşlemleri İnceleme Komisyonu kurulduğu, anılan Kanun'un ""Yargı denetimi"" başlıklı 11. maddesinin 1. fıkrasında da, Komisyon kararlarına karşı Hâkimler ve Savcılar Kurulunca belirlenecek Ankara idare mahkemelerinde ilgilinin en son görev yaptığı kurum veya kuruluş aleyhine iptal davası açılabileceği hükme bağlanmıştır.
Söz konusu uyuşmazlığın çözümlenebilmesi için öncelikle 2577 sayılı Kanun'un 36/a maddesinde yer alan tam yargı davalarındaki genel yetki kuralı uyarınca zararı doğuran idari uyuşmazlığın tespitinin yapılması, daha sonra da 2577 sayılı Kanun ve özel kanunlardaki hükümlere göre bu idari uyuşmazlığı çözümlemeye yetkili idare mahkemesinin belirlenmesi gerekmektedir.
Mevcut uyuşmazlık yukarıda yer verilen düzenlemeler uyarınca incelendiğinde; ilgililerin, haklarında başka bir idari işlem tesis edilmeksizin doğrudan doğruya KHK'ların ekinde isimlerine yer verilerek tesis edilen kamu görevinden çıkarılmalarına karşı yaptıkları başvurular ile ilgili olarak OHAL İşlemleri İnceleme Komisyonunca verilen kararlara karşı açılan davalar Ankara özel yetkili idare mahkemelerince çözümlendiğinden, KHK'lar uyarınca kamu görevinden çıkarılmalarından sonra bu davalarda verilen kararlar üzerine göreve iade edilenlerin maddi ve manevi zararlarının tazmini istemiyle açılan davaların da zararı doğuran idari uyuşmazlığı çözümlemeye yetkili olan Ankara özel yetkili İdare Mahkemelerince karara bağlanması gerektiği sonucuna ulaşılmıştır.
Bu durumda; Ankara Bölge İdare Mahkemesi 13. İdare Dava Dairesinin 09/06/2022 tarih ve E:2020/5129, K:2022/3713 sayılı kararı üzerine göreve iade edilen davacı tarafından kamu görevinden çıkarılmasından kaynaklı manevi zararlarının tazmini istemiyle açılan işbu tam yargı davasının görüm ve çözümünde yukarıda anılan özel yasa uyarınca belirlenmiş olan Ankara İdare Mahkemeleri yetkili bulunmaktadır.
Açıklanan nedenlerle, dava dosyasının, davanın görüm ve çözümünde yetkili olduğu belirlenen","Davacı tarafından, Kanun Hükmünde Kararname ile kamu görevinden çıkarılması nedeniyle uğradığını ileri sürdüğü manevi zararların tazmini istemiyle açılan davada hangi idare mahkemesinin yetkili olduğunun belirlenmesi talep edilmiştir. Davacı, Sağlık Bakanlığı bünyesinde görev yapmakta iken kamu görevinden çıkarıldığını, sonrasında yargı kararıyla görevine iade edildiğini ve bu süreçte uğradığı manevi zararların tazmin edilmesi gerektiğini ileri sürmüştür. Ankara ve Yozgat İdare Mahkemeleri davayı yetki yönünden reddetmiş, bunun üzerine mahkemeler arasında yetki uyuşmazlığı doğmuştur. Danıştay, tam yargı davalarında yetkinin belirlenebilmesi için öncelikle zarara neden olan idari uyuşmazlığın tespit edilmesi gerektiğini değerlendirmiştir. Mahkeme, davacının talep ettiği manevi zararın kaynağının doğrudan Kanun Hükmünde Kararname ile kamu görevinden çıkarılması işlemi olduğunu ve bu işlemlere ilişkin uyuşmazlıkların OHAL İşlemleri İnceleme Komisyonu kararlarına karşı açılan davalarda görevli özel yetkili Ankara idare mahkemelerince incelendiğini belirtmiştir. Bu nedenle, göreve iade edilen kişilerin kamu görevinden çıkarılmalarından kaynaklanan maddi ve manevi zararlarının tazmini istemlerinden doğan davaların da aynı özel yetkili mahkemeler tarafından görülmesi gerektiği sonucuna ulaşılmıştır. Sonuç olarak, uyuşmazlığın görüm ve çözümünde Ankara İdare Mahkemelerinin yetkili olduğuna karar verilmiş ve dosyanın bu mahkemelere gönderilmesine hükmedilmiştir."
vergi_3,vergi,vergi_3.txt,vergi_ozet_3.txt,"DAVA KONUSU:

TEMYİZ İDDİALARI:

KARŞI TARAF SAVUNMASI:
KARŞI TARAFIN SAVUNMASI: Cevap verilmemiştir.

MADDİ OLAY:

HUKUKİ DEĞERLENDİRME:
HUKUKİ DEĞERLENDİRME :
Kararların düzeltme yolu ile yeniden incelenebilmelerini gerektiren nedenler, 2577 sayılı Kanun'un geçici 8. maddesi uyarınca uygulanmasına devam edilen 3622 sayılı Kanun ile değişik 54. maddesinin (1) numaralı fıkrasında gösterilmiş, aynı maddenin (2) numaralı fıkrasında ise, daire ve kurulların kararın düzeltilmesi isteminde ileri sürülen nedenlerle bağlı oldukları belirtilmiş bulunmaktadır.
Dilekçede ileri sürülen düzeltme nedenlerinin anılan maddede sayılan nedenlere uymadığı anlaşılmıştır.

KARAR SONUCU:
KARAR SONUCU :
Açıklanan nedenlerle;
Karar düzeltme isteminin REDDİNE, 11/03/2026 tarihinde oybirliğiyle karar verildi.","Davacı şirket hakkında yürütülen vergi uyuşmazlığına ilişkin olarak Danıştay Vergi Dava Daireleri Kurulu tarafından verilen kararın düzeltilmesi davalı idare tarafından talep edilmiştir. Davalı idare, Kurul kararının hukuka aykırı olduğunu ileri sürerek yeniden incelenmesini istemiştir. Davacı taraf ise karar düzeltme talebine ilişkin herhangi bir savunmada bulunmamıştır. Danıştay Vergi Dava Daireleri Kurulu, karar düzeltme istemlerinin yalnızca 2577 sayılı İdari Yargılama Usulü Kanunu’nun 54. maddesinde sayılan sınırlı sebeplerin varlığı hâlinde incelenebileceğini belirtmiştir. Mahkeme, karar düzeltme dilekçesinde ileri sürülen iddiaların anılan maddede öngörülen nedenlerden herhangi birine uymadığını değerlendirmiştir. Bu nedenle önceki Kurul kararının yeniden incelenmesini gerektiren hukuki bir sebebin bulunmadığı sonucuna ulaşılmıştır. Sonuç olarak, davalı idarenin karar düzeltme istemi reddedilmiş ve önceki Kurul kararı korunmuştur."
